x,y,velx,vely
9.989,13.370,-0.561,1.535
14.020,14.610,-0.740,-1.532
11.570,13.590,-0.928,-1.808
12.080,16.950,-0.906,-1.584
10.960,18.560,-0.910,-1.415
12.220,14.830,-0.775,-1.709
9.840,13.360,-0.956,-1.702
11.320,13.970,-0.742,-1.743
10.590,13.690,-0.852,-1.414
17.870,17.650,-1.049,-8.350
17.810,12.550,-1.295,-7.679
14.300,18.570,-1.111,-7.158
15.250,13.160,-1.108,-8.116
17.960,12.570,-1.310,-7.877
18.240,17.780,-1.073,-5.913
17.540,15.250,-1.249,-5.799
16.290,13.410,-1.325,-5.863
18.790,16.230,-1.135,-14.436
24.440,12.090,-0.834,-16.885
21.820,10.970,-0.968,-15.597
17.520,13.970,-1.062,-13.296
17.930,13.530,-1.085,-15.457
20.790,13.630,-0.843,-15.238
19.720,16.010,-1.155,-16.157
21.580,11.580,-0.880,-13.197
20.230,8.420,-0.887,-19.897
25.830,7.050,-0.773,-28.201
25.640,6.520,-1.020,-27.402
22.390,6.410,-1.038,-19.479
18.730,8.290,-0.696,-19.504
21.000,6.150,-0.665,-26.055
26.850,5.740,-0.880,-22.791
23.230,7.000,-0.881,-21.088
32.850,-1.520,-2.310,-29.033
34.010,-1.330,-2.605,-29.117
25.720,-1.480,-2.065,-30.409
24.640,-1.120,-2.377,-30.091
23.750,-1.320,-2.824,-23.813
31.890,-1.440,-2.674,-26.979
25.190,-1.320,-2.320,-23.355
29.130,-1.160,-3.076,-26.879
21.770,-1.790,-1.352,-24.530
23.310,-2.580,-1.298,-21.589
21.410,-2.200,-1.262,-28.311
27.080,-2.300,-1.716,-26.514
22.680,-1.930,-1.503,-28.808
22.710,-2.470,-1.672,-27.293
24.900,-1.740,-1.643,-30.207
28.810,-2.580,-1.671,-31.130
21.970,3.360,4.500,1.417
24.050,3.230,3.335,1.286
17.930,3.600,3.900,1.056
21.480,3.870,3.976,1.011
21.660,3.990,4.728,2.614
19.240,4.070,4.381,2.399
20.650,3.360,4.342,2.069
20.310,3.870,5.205,2.990
22.540,2.420,9.271,-5.709
23.000,2.250,10.344,-4.101
22.400,3.020,7.175,-5.208
25.160,2.120,7.449,-4.893
26.650,2.330,10.148,-4.433
22.610,2.980,9.989,-4.032
19.990,2.590,10.259,-3.777
22.780,2.910,7.245,-5.053
24.700,2.770,0.476,-0.088
27.850,3.490,0.619,-0.125
20.790,3.900,0.470,-0.088
25.540,3.660,0.550,-0.130
24.220,3.850,0.541,-0.082
23.170,3.130,0.451,-0.085
28.950,3.780,0.573,-0.079
21.520,3.940,0.586,-0.066
26.150,6.300,-3.299,-28.338
24.670,7.090,-3.585,-25.990
27.360,5.550,-3.719,-27.398
25.550,6.390,-3.283,-23.988
22.950,5.010,-3.769,-19.867
21.090,6.400,-3.846,-27.838
23.560,6.740,-3.277,-27.379
21.920,5.620,-2.999,-19.540
30.600,-1.250,-0.294,-24.631
25.070,-1.190,-0.317,-26.161
26.830,-1.000,-0.300,-19.657
29.510,-0.930,-0.320,-26.717
28.320,-1.290,-0.201,-24.488
21.420,-1.210,-0.199,-23.784
29.540,-1.220,-0.197,-18.974
24.190,-1.110,-0.197,-25.313
20.280,2.480,-1.992,-16.829
24.560,3.120,-1.885,-15.091
21.290,2.690,-1.972,-16.815
25.700,2.770,-1.815,-16.702
22.630,3.630,-1.608,-13.411
22.350,2.470,-1.445,-15.901
21.690,3.510,-1.381,-15.063
21.640,3.040,-1.507,-16.942
24.880,-8.700,7.101,-25.559
24.850,-9.230,6.089,-24.390
26.460,-9.160,6.052,-26.031
26.420,-7.190,7.603,-21.612
32.840,-6.730,6.259,-17.740
35.300,-8.420,5.714,-20.650
26.810,-7.110,6.880,-24.982
35.390,-7.270,6.706,-20.783
35.930,-12.110,2.502,-31.162
28.160,-13.600,2.183,-23.470
25.090,-11.480,2.231,-26.481
36.670,-11.240,2.000,-32.033
30.860,-13.610,1.624,-31.652
28.020,-12.370,1.889,-29.482
26.900,-11.610,1.925,-30.104
26.760,-10.880,2.030,-22.700
24.200,-13.560,-2.680,-21.357
22.160,-13.660,-2.536,-20.333
22.840,-13.380,-2.523,-27.944
26.950,-14.050,-2.121,-22.182
26.460,-13.030,-3.118,-19.922
22.800,-9.820,-3.035,-26.584
22.320,-12.780,-2.422,-20.194
22.020,-14.130,-2.667,-26.859
30.420,-10.890,-0.691,-25.463
27.880,-12.330,-0.809,-32.294
27.120,-12.490,-0.583,-24.740
26.330,-11.330,-0.611,-32.449
26.710,-12.760,-0.160,-27.600
34.370,-13.330,-0.151,-22.344
34.650,-10.960,-0.140,-32.473
32.270,-12.220,-0.135,-29.135
32.850,-10.280,-0.729,-25.225
28.260,-7.610,-0.968,-24.282
32.940,-9.260,-0.878,-22.408
25.870,-10.210,-0.864,-22.552
29.400,-7.730,-0.845,-18.432
33.520,-7.600,-0.642,-20.092
27.690,-7.900,-0.836,-26.714
31.350,-8.120,-0.674,-26.604
29.890,-12.280,-1.439,-21.136
30.120,-11.370,-1.381,-26.833
32.100,-11.140,-1.318,-25.047
31.860,-10.400,-1.555,-27.949
32.250,-12.320,-1.693,-28.851
28.800,-11.810,-1.293,-24.797
22.700,-11.110,-1.762,-21.651
28.380,-12.980,-1.420,-28.186
25.150,-9.930,-0.509,-23.608
31.990,-12.820,-0.528,-30.839
29.970,-11.010,-0.458,-25.832
28.260,-10.630,-0.554,-27.288
22.170,-11.580,-0.649,-26.022
30.400,-12.490,-0.516,-30.109
25.670,-12.290,-0.631,-23.892
24.120,-11.640,-0.553,-23.717
28.700,-12.130,-3.089,-24.430
21.340,-10.000,-3.503,-27.367
22.440,-13.150,-3.876,-21.786
21.840,-11.810,-2.859,-27.855
28.070,-11.420,-3.123,-27.841
21.790,-12.120,-4.440,-22.696
26.190,-9.810,-3.723,-31.042
26.730,-9.640,-3.530,-24.380
19.460,4.330,1.255,-2.644
22.150,3.550,1.648,-3.294
16.280,4.260,1.471,-3.032
23.110,3.020,1.655,-2.807
21.590,3.770,2.253,1.131
17.730,3.290,2.791,1.011
19.800,3.860,3.214,1.362
20.440,3.930,2.790,1.250
19.610,1.950,-0.000,0.000
20.680,2.710,-0.000,0.000
21.100,1.970,-0.000,0.000
22.640,2.260,-0.000,0.000
18.730,2.110,-0.000,0.000
18.480,2.050,-0.000,0.000
27.230,1.990,-0.000,0.000
22.100,2.240,-0.000,0.000
31.180,-2.400,-0.093,-19.555
23.200,-2.920,-0.078,-19.827
25.500,-2.930,-0.100,-14.768
31.050,-2.660,-0.110,-20.045
31.810,-2.040,-0.041,-15.914
31.860,-2.530,-0.039,-14.195
33.860,-2.980,-0.049,-15.548
27.080,-2.240,-0.042,-16.375
19.350,2.570,0.000,0.000
24.280,2.070,0.000,0.000
23.780,1.910,0.000,0.000
17.960,2.550,0.000,0.000
24.600,2.680,0.000,0.000
24.770,2.020,0.000,0.000
25.020,2.340,0.000,0.000
17.770,2.800,0.000,0.000
25.150,-0.800,-0.503,-13.259
26.010,-1.110,-0.456,-15.677
30.800,-0.980,-0.518,-15.535
28.990,-0.880,-0.549,-10.921
32.710,-0.920,-0.278,-11.847
24.320,-0.860,-0.276,-14.375
29.400,-0.780,-0.301,-12.736
28.480,-0.780,-0.296,-14.635
27.610,2.280,1.671,-3.875
33.340,2.270,1.755,-3.194
31.710,2.830,1.647,-4.407
32.380,2.390,1.719,-4.310
27.320,2.400,1.348,-4.294
31.430,2.610,1.378,-4.619
29.030,2.860,1.438,-3.893
33.680,2.450,1.863,-4.636
20.350,4.400,3.633,-1.494
25.910,3.440,3.520,-1.513
24.360,4.650,4.438,-1.521
25.030,4.470,4.013,-1.558
24.570,4.170,4.295,-1.394
22.040,4.440,3.457,-1.605
26.920,3.200,4.593,-1.489
20.920,4.350,3.603,-1.318
25.580,3.940,3.548,-5.241
23.310,3.500,3.293,-7.083
27.610,3.470,4.193,-5.967
26.620,2.930,3.479,-6.448
29.080,3.550,3.526,-7.132
31.180,2.770,3.374,-6.043
31.120,3.760,4.750,-6.175
22.070,3.040,4.502,-6.085
26.750,4.210,2.757,-3.307
24.710,4.500,3.616,-2.935
32.120,4.770,3.304,-2.554
26.300,3.360,2.736,-2.711
26.440,4.670,2.830,-2.092
32.110,3.570,2.933,-2.741
22.180,4.290,3.239,-2.929
22.780,4.150,3.123,-2.541
15.640,7.320,1.966,-19.845
22.130,8.730,1.834,-14.895
20.390,8.810,1.655,-19.957
17.490,7.200,1.444,-20.975
15.620,8.970,1.948,-18.580
23.020,8.960,2.042,-14.296
23.190,6.960,1.652,-15.597
20.510,7.990,1.513,-20.391
25.390,4.090,13.300,3.028
27.120,4.250,11.660,3.073
28.170,4.030,12.551,3.337
28.690,4.130,12.326,3.921
23.300,3.070,11.137,3.016
26.210,3.310,11.098,3.449
29.620,2.980,10.734,3.703
23.010,3.090,8.906,2.760
33.810,-3.860,2.365,-25.831
24.850,-3.970,3.092,-31.410
32.190,-3.910,2.456,-24.003
26.660,-4.650,2.943,-32.306
30.520,-4.240,2.036,-28.469
30.440,-3.790,1.974,-27.632
24.150,-3.500,2.122,-27.438
30.630,-3.640,2.722,-31.153
22.680,-7.950,3.416,-26.266
24.430,-6.320,3.659,-23.197
31.350,-5.830,4.169,-27.156
25.440,-5.950,3.903,-34.266
31.170,-6.640,4.429,-30.980
29.210,-6.080,4.473,-26.573
23.460,-6.920,4.063,-22.938
32.230,-6.240,4.307,-23.341
22.340,3.940,-0.023,-0.005
23.290,3.260,-0.022,-0.006
20.970,3.550,-0.022,-0.005
21.760,3.970,-0.024,-0.006
19.250,3.540,-0.571,0.298
23.270,3.940,-0.518,0.286
25.570,3.760,-0.614,0.252
23.460,3.330,-0.503,0.299
20.250,2.920,4.948,0.213
21.440,2.900,5.150,0.167
22.660,2.720,5.209,0.225
20.820,3.410,5.551,0.238
19.830,2.550,4.972,0.565
25.030,3.080,3.811,0.548
23.870,2.950,3.891,0.476
27.010,3.460,4.872,0.420
34.520,-0.860,3.139,-18.990
36.440,-0.720,2.734,-23.722
24.980,-0.870,3.393,-23.130
26.020,-0.680,3.249,-21.019
33.890,-0.740,2.712,-21.885
25.700,-0.960,3.632,-18.566
35.870,-0.680,3.237,-23.790
36.780,-0.880,3.025,-24.100
31.430,-6.010,-0.124,-25.356
29.220,-6.510,-0.110,-23.348
35.120,-8.170,-0.087,-24.020
26.460,-5.680,-0.103,-32.179
25.000,-5.920,0.174,-23.914
34.820,-5.790,0.225,-23.500
29.540,-6.970,0.188,-25.173
30.720,-6.830,0.218,-29.786
22.540,-7.590,0.540,-31.622
27.470,-7.890,0.613,-35.140
24.010,-8.420,0.599,-35.589
23.970,-10.090,0.665,-33.256
22.860,-7.180,0.588,-30.929
28.170,-7.630,0.598,-30.542
28.740,-9.380,0.455,-32.524
30.620,-10.050,0.571,-31.283
22.160,6.620,-1.934,-15.408
23.550,5.130,-1.716,-16.201
22.820,7.070,-1.380,-11.348
23.040,5.310,-1.706,-11.812
20.480,5.610,-1.583,-14.852
25.520,7.320,-2.150,-12.272
20.750,6.790,-1.508,-11.189
19.290,4.900,-1.904,-11.326
22.660,-4.100,-1.702,-20.949
23.060,-5.450,-1.548,-22.248
28.050,-5.350,-1.403,-25.973
22.180,-4.870,-1.560,-20.864
28.320,-4.860,-1.500,-19.624
27.130,-5.430,-1.474,-22.820
30.060,-5.080,-1.294,-24.562
24.370,-4.410,-1.354,-19.124
26.060,-10.490,-3.410,-22.561
31.640,-7.340,-3.489,-29.928
27.750,-8.230,-3.280,-28.059
30.820,-9.220,-3.464,-27.118
26.530,-8.340,-3.938,-25.641
24.310,-7.420,-3.627,-28.882
27.590,-9.780,-4.080,-30.534
23.160,-8.850,-4.107,-24.675
29.950,-5.780,-3.100,-30.687
27.290,-5.010,-2.928,-21.862
27.610,-6.200,-2.889,-23.889
21.860,-5.040,-2.806,-24.709
31.330,-6.070,-2.872,-27.103
24.810,-4.660,-3.449,-30.153
25.820,-4.460,-2.744,-21.916
30.080,-6.350,-2.654,-28.695
28.520,-5.580,-3.075,-17.818
32.210,-6.130,-2.836,-17.104
24.810,-4.660,-3.931,-20.550
27.100,-5.280,-3.810,-19.668
24.210,-4.560,-4.055,-22.529
25.040,-4.860,-3.050,-19.696
23.100,-5.320,-3.656,-15.508
22.240,-4.530,-3.848,-22.088
23.340,2.640,8.271,-4.893
28.580,2.840,7.833,-4.266
26.210,2.760,8.136,-4.483
28.670,2.780,8.622,-5.674
31.780,2.740,8.251,-4.556
30.260,2.540,7.623,-6.116
27.830,2.610,6.079,-4.974
34.160,2.980,7.885,-4.621
35.370,-1.580,-1.984,-18.843
32.280,-1.560,-2.486,-15.814
35.100,-1.400,-2.270,-22.457
37.620,-1.580,-2.638,-21.383
36.580,-1.630,-3.151,-19.105
36.050,-1.990,-3.188,-20.808
35.080,-1.460,-3.198,-23.410
34.870,-1.540,-2.857,-23.267
25.400,0.360,4.055,-3.279
21.610,0.430,4.949,-3.522
22.500,0.360,3.902,-2.903
21.370,0.460,5.028,-3.483
23.870,0.360,4.096,-3.051
22.980,0.320,3.859,-3.518
26.140,0.310,4.203,-3.909
22.380,0.420,3.736,-3.019
20.290,2.580,0.281,0.056
24.240,2.850,0.210,0.070
22.790,2.880,0.282,0.067
23.530,2.010,0.206,0.075
26.380,2.870,0.172,0.055
19.720,2.530,0.195,0.051
24.410,2.700,0.219,0.050
22.980,2.000,0.199,0.049
20.000,14.060,-3.542,-13.057
20.340,12.000,-5.003,-10.278
17.990,16.620,-5.082,-11.755
17.130,12.280,-4.386,-12.805
21.620,15.240,-4.002,-11.094
18.060,15.910,-4.818,-12.869
22.930,16.080,-3.529,-11.326
23.970,15.190,-4.178,-14.548
20.390,6.680,-6.239,-21.785
18.830,6.640,-6.678,-17.931
19.290,5.750,-5.667,-19.508
18.620,5.230,-6.512,-20.057
20.440,5.360,-6.043,-20.683
25.900,6.930,-5.921,-16.233
21.940,7.560,-6.228,-17.299
26.010,6.280,-4.842,-22.528
17.740,3.850,-6.314,-22.210
24.130,3.300,-4.841,-22.295
19.870,3.670,-4.947,-18.578
25.090,3.830,-6.110,-22.413
21.310,3.400,-6.846,-24.781
23.180,3.040,-6.900,-21.588
20.880,3.500,-5.347,-23.785
22.910,3.120,-4.728,-19.143
20.360,4.000,8.487,-2.608
17.820,3.680,9.319,-2.788
18.840,3.640,6.981,-2.161
18.310,3.960,8.306,-2.514
20.090,3.080,6.848,-2.412
16.850,3.820,8.467,-2.271
18.740,3.220,9.361,-2.482
21.920,3.890,7.486,-3.048
19.940,4.910,-1.266,-11.460
16.330,5.720,-1.130,-14.641
21.120,5.540,-1.104,-12.575
21.320,4.700,-1.054,-13.975
20.840,6.080,-1.086,-14.620
19.820,5.190,-1.136,-15.461
18.310,5.400,-1.072,-13.638
20.800,5.430,-1.140,-13.105
24.620,7.450,-5.608,-17.069
20.620,8.910,-5.382,-21.327
28.120,8.970,-3.837,-24.123
24.820,6.540,-4.648,-19.230
21.900,8.290,-4.403,-19.688
23.110,8.280,-4.602,-19.048
21.240,8.680,-4.040,-22.046
27.260,6.330,-4.195,-21.673
21.240,6.850,-4.123,-27.664
21.570,6.940,-4.119,-19.369
21.390,7.180,-4.733,-19.911
19.810,5.910,-5.386,-20.236
17.310,7.280,-4.682,-20.243
20.490,7.690,-4.362,-25.347
23.430,6.240,-5.566,-26.141
19.110,7.780,-5.611,-20.378
19.380,2.230,-3.176,1.976
19.280,2.180,-4.068,2.203
21.780,2.590,-4.150,2.153
19.310,2.470,-3.342,2.128
24.300,2.510,-2.921,2.146
25.400,2.540,-4.166,1.585
18.330,2.450,-3.332,1.869
22.870,2.190,-3.638,2.118
25.940,7.010,-5.272,-25.520
28.680,5.450,-4.968,-21.296
31.950,6.630,-4.650,-20.507
31.850,5.740,-4.390,-18.647
25.700,4.900,-4.934,-23.337
28.510,6.670,-4.451,-23.829
26.200,5.120,-4.133,-26.007
28.060,5.590,-4.751,-19.207
25.310,13.210,-1.676,-15.015
17.750,10.140,-1.759,-16.069
20.240,13.580,-1.388,-15.362
20.290,12.640,-1.562,-11.286
18.340,10.980,-1.883,-13.818
22.990,13.720,-2.226,-15.976
23.880,12.880,-2.221,-13.473
18.890,12.710,-2.157,-16.283
31.730,2.180,-4.905,-24.287
26.580,2.360,-5.256,-29.064
33.050,2.500,-6.228,-32.163
29.850,2.430,-6.008,-22.469
29.320,1.870,-5.373,-31.905
26.750,2.130,-5.306,-22.452
30.980,1.870,-5.188,-26.061
28.130,2.580,-5.736,-32.919
18.540,2.690,0.000,0.000
24.970,2.350,0.000,0.000
22.240,2.100,0.000,0.000
25.880,2.650,0.000,0.000
22.320,2.070,-0.000,-0.000
19.970,2.590,-0.000,-0.000
27.390,2.450,-0.000,-0.000
26.950,2.040,-0.000,-0.000
22.370,4.770,-3.468,-21.304
19.890,4.250,-3.557,-19.998
27.980,3.400,-4.107,-17.541
21.720,3.980,-3.844,-17.037
27.380,3.630,-3.288,-17.877
21.660,4.390,-4.654,-21.609
19.930,4.790,-4.158,-17.353
28.380,3.250,-4.209,-19.459
22.290,3.150,-12.102,-4.285
21.470,2.690,-9.599,-4.220
21.500,2.450,-12.652,-3.978
27.450,3.490,-12.721,-5.233
23.220,2.580,-10.262,-3.455
21.280,3.590,-11.754,-3.459
27.880,2.590,-14.415,-3.756
23.530,3.400,-12.645,-3.505
18.520,2.980,-4.833,-1.917
26.240,2.930,-5.126,-2.000
25.370,2.810,-5.210,-1.701
23.180,3.260,-5.792,-1.931
20.340,2.370,-4.193,-1.710
25.370,3.120,-5.078,-1.644
25.670,2.310,-4.759,-1.770
26.790,2.460,-4.795,-1.552
26.560,1.760,0.203,-32.728
31.800,2.020,0.286,-27.899
26.250,1.570,0.251,-23.191
24.860,1.770,0.259,-29.169
24.820,1.690,0.401,-25.749
23.290,2.470,0.493,-23.308
26.180,2.430,0.474,-30.549
31.760,1.880,0.508,-28.936
30.650,3.060,0.125,-19.164
30.790,3.010,0.157,-21.376
32.000,2.520,0.120,-25.851
32.460,2.180,0.144,-23.260
29.690,2.500,0.372,-23.949
32.860,2.240,0.361,-23.267
26.280,2.330,0.341,-25.165
31.280,2.350,0.387,-19.337
26.820,2.680,2.610,3.903
24.020,2.560,2.544,3.159
18.660,2.390,2.462,2.703
26.060,3.250,2.502,3.213
22.170,3.010,1.855,3.678
22.800,2.550,2.009,3.799
22.380,2.900,2.611,3.226
21.310,2.270,2.237,3.374
20.470,10.130,-4.830,-10.155
18.590,9.680,-5.130,-10.978
18.810,9.180,-4.942,-10.095
16.720,9.060,-3.755,-11.800
21.770,12.880,-4.033,-13.240
19.080,11.560,-4.109,-12.317
19.430,12.290,-3.840,-11.348
18.230,11.240,-3.575,-10.853
22.960,3.060,-2.856,-8.740
18.470,3.150,-2.668,-9.178
17.270,3.890,-2.640,-10.166
24.400,3.150,-2.821,-8.424
18.170,3.640,-7.608,-16.118
21.510,4.030,-6.752,-18.657
21.320,3.810,-6.124,-16.333
25.140,3.370,-6.151,-13.310
25.510,2.890,0.515,-0.207
20.850,3.270,0.463,-0.249
25.080,3.200,0.422,-0.218
25.410,3.010,0.424,-0.226
22.010,3.120,0.443,-0.241
24.700,2.600,0.474,-0.189
25.700,2.360,0.476,-0.206
22.700,2.770,0.482,-0.192
16.770,4.060,-0.265,-1.003
17.050,4.240,-0.207,-1.241
21.350,3.450,-0.283,-1.389
19.540,3.860,-0.301,-1.396
18.190,3.810,-0.343,-1.068
19.420,4.160,-0.357,-1.108
20.230,4.460,-0.389,-1.373
18.270,3.910,-0.347,-1.114
25.110,2.670,8.721,-3.415
17.600,3.260,6.389,-4.812
22.030,2.970,8.881,-3.520
24.860,2.960,6.562,-3.880
21.700,3.040,3.450,-0.263
22.910,2.360,2.869,-0.347
17.760,2.780,3.433,-0.306
20.700,2.520,2.888,-0.349
22.660,2.890,-11.880,-6.142
25.330,2.970,-12.940,-8.215
22.140,2.750,-15.927,-6.032
21.830,2.580,-13.617,-8.602
22.430,2.920,-14.899,-6.556
27.370,2.380,-12.299,-8.291
22.110,2.740,-14.408,-8.062
25.080,3.120,-13.089,-7.303
14.190,0.830,-16.444,-0.158
14.200,0.810,-16.994,-0.171
18.520,2.880,3.550,-1.130
18.380,2.650,3.219,-1.240
20.810,2.400,2.527,-1.396
23.230,2.100,3.446,-1.222
25.780,2.340,2.887,-1.387
18.660,2.560,2.802,-1.164
24.000,2.110,2.673,-1.596
19.220,2.870,2.408,-1.612
21.510,3.990,-2.877,-12.823
18.600,3.070,-3.931,-16.452
23.870,3.490,-3.324,-15.566
17.550,2.830,-2.779,-11.966
24.420,3.700,-2.969,-14.170
24.680,3.180,-3.181,-14.163
18.500,3.410,-2.733,-12.825
22.900,3.950,-2.864,-10.111
22.850,2.380,-0.000,0.000
19.700,1.960,-0.000,0.000
22.160,2.750,-0.000,0.000
24.830,2.700,-0.000,0.000
25.750,2.160,-0.000,0.000
19.350,2.350,-0.000,0.000
26.340,2.500,-0.000,0.000
23.720,2.600,-0.000,0.000
16.550,14.210,-1.081,-9.445
13.220,13.220,-1.358,-9.489
16.440,15.320,-1.241,-9.100
16.380,12.590,-1.129,-8.427
13.430,12.180,-1.181,-8.244
11.790,15.490,-1.053,-6.133
11.510,14.580,-1.088,-7.075
14.580,13.400,-1.251,-7.893
16.050,9.690,-1.911,-13.979
16.820,10.820,-1.799,-16.628
20.520,9.450,-1.916,-15.694
21.180,10.120,-1.972,-13.247
21.720,10.480,-1.766,-16.405
18.020,10.640,-2.181,-17.046
22.860,8.100,-2.381,-18.010
23.270,9.700,-2.389,-17.011
23.200,4.410,2.272,-1.298
16.180,4.020,2.636,-1.092
16.870,4.990,2.176,-1.163
19.870,3.880,2.468,-1.003
17.810,4.940,2.476,-1.012
21.720,3.560,2.292,-1.229
20.390,3.880,3.056,-0.973
19.320,4.920,2.090,-1.108
23.210,2.940,4.984,-2.747
20.070,3.790,5.186,-2.603
17.330,3.270,4.801,-2.688
22.620,3.080,3.951,-2.432
22.660,2.710,4.643,-2.337
24.040,3.530,4.066,-2.319
24.940,3.240,5.338,-2.953
20.380,3.900,4.845,-2.925
26.570,2.650,-7.847,-2.194
27.100,2.680,-8.485,-1.987
21.590,2.910,-7.766,-2.759
20.710,2.480,-8.806,-2.697
22.740,2.830,-6.714,-2.475
24.240,2.830,-8.277,-2.097
27.160,2.260,-7.345,-2.238
20.940,2.680,-9.219,-2.148
29.320,-0.320,1.449,-23.167
26.130,-0.440,1.205,-27.741
30.650,-0.350,1.477,-19.256
27.610,-0.450,1.372,-20.572
23.670,-0.470,1.248,-20.155
24.720,-0.320,1.280,-22.759
27.240,-0.390,1.295,-20.889
28.810,-0.340,1.107,-20.047
22.200,-1.910,-2.108,-21.019
23.930,-2.090,-2.300,-21.129
24.260,-1.570,-1.957,-25.107
23.360,-1.970,-2.661,-28.051
27.510,-1.680,-1.982,-25.353
23.430,-1.890,-2.068,-26.389
27.150,-2.060,-1.923,-23.066
22.750,-1.530,-2.189,-28.242
18.850,2.090,0.028,0.010
18.830,2.450,0.028,0.009
21.650,2.690,0.028,0.011
25.050,2.710,0.039,0.009
24.800,2.170,0.037,0.009
19.520,2.450,0.032,0.011
24.830,2.140,0.038,0.011
24.240,2.750,0.039,0.011
25.780,-7.150,-5.145,-26.302
30.760,-5.170,-5.361,-26.739
25.350,-7.630,-5.024,-32.030
31.200,-5.890,-5.906,-33.566
23.640,-7.120,-4.416,-35.659
25.340,-7.690,-4.602,-29.584
23.610,-7.280,-4.296,-27.293
26.760,-7.410,-5.584,-32.416
30.830,-4.110,-4.050,-23.423
31.260,-4.140,-3.399,-22.577
29.190,-3.590,-3.901,-27.316
23.380,-4.300,-3.597,-29.078
25.960,-4.040,-2.988,-23.775
29.310,-4.690,-3.603,-30.596
27.670,-5.020,-3.080,-30.442
22.620,-3.720,-3.705,-23.662
20.680,3.760,0.174,-0.030
20.270,3.790,0.249,-0.037
19.370,4.480,0.170,-0.028
16.920,3.560,0.175,-0.036
15.160,4.210,0.392,-0.065
20.800,4.130,0.311,-0.055
15.990,4.690,0.362,-0.064
18.290,3.850,0.299,-0.063
22.480,2.900,0.194,0.037
25.620,2.040,0.239,0.035
23.930,2.540,0.210,0.033
18.390,2.230,0.185,0.027
19.050,2.200,-0.000,0.000
24.120,2.490,-0.000,0.000
22.810,2.250,-0.000,0.000
20.160,2.530,-0.000,0.000
24.230,2.720,3.092,-7.745
26.510,2.730,3.426,-7.043
31.680,2.670,3.384,-7.392
28.090,3.010,3.279,-6.535
26.990,2.790,3.862,-6.649
24.450,2.670,3.487,-5.957
21.470,2.820,3.718,-7.542
22.670,2.460,3.218,-8.366
25.700,3.010,-4.087,-0.616
26.780,2.810,-2.794,-0.488
27.810,3.170,-4.127,-0.569
20.100,3.280,-3.914,-0.628
21.680,2.780,-3.084,-0.411
24.100,3.440,-2.994,-0.468
26.930,3.880,-3.481,-0.454
21.040,3.860,-2.792,-0.435
18.770,2.910,0.142,-0.053
19.820,2.840,0.141,-0.047
25.940,2.200,0.121,-0.051
22.710,2.500,0.151,-0.058
24.850,2.210,0.191,-0.055
19.060,2.270,0.209,-0.053
21.010,2.340,0.210,-0.053
23.350,2.580,0.141,-0.056
23.030,3.430,5.668,-2.208
21.840,4.050,5.983,-1.970
23.220,3.820,5.601,-2.666
23.260,4.000,5.659,-2.198
19.860,2.950,5.702,-1.963
21.840,3.670,4.672,-2.209
22.190,3.110,5.427,-1.827
24.460,3.450,5.215,-2.700
26.770,3.740,-1.094,-3.174
22.120,4.800,-0.818,-2.569
27.070,3.630,-0.992,-2.893
27.190,4.310,-1.115,-2.512
27.970,4.760,-1.047,-2.644
26.170,3.360,-0.978,-2.282
27.560,4.580,-0.902,-3.067
24.470,4.370,-0.991,-2.610
24.750,3.810,0.945,-6.329
21.810,3.900,1.156,-5.342
18.220,3.310,1.016,-5.916
18.450,3.390,1.136,-5.243
18.380,3.850,1.623,-5.469
22.990,3.720,1.393,-5.797
23.980,3.410,1.503,-6.416
19.120,3.190,1.349,-5.699
26.540,3.350,-0.377,-0.548
25.110,2.290,-0.376,-0.456
26.660,3.220,-0.271,-0.542
24.060,2.280,-0.325,-0.521
19.830,2.810,0.244,-0.311
26.270,3.230,0.259,-0.326
25.010,3.210,0.248,-0.360
27.260,3.170,0.218,-0.297
16.910,9.990,-2.919,-18.609
22.670,8.920,-3.115,-14.443
22.530,9.420,-2.585,-16.329
16.290,10.820,-2.659,-17.907
22.700,9.010,-2.813,-18.694
22.240,10.980,-3.329,-18.747
22.870,11.330,-3.202,-14.521
16.840,11.750,-3.163,-14.725
23.940,2.540,4.957,-2.538
19.510,2.360,6.845,-2.809
21.070,3.290,5.176,-2.317
21.130,3.300,5.363,-2.133
20.730,2.960,5.171,-2.669
23.130,3.240,6.429,-2.533
25.290,2.560,5.281,-2.525
24.220,2.900,6.915,-2.847
24.380,-2.750,-1.093,-25.039
27.960,-2.520,-0.893,-20.808
26.660,-2.350,-1.104,-25.695
31.110,-2.480,-0.845,-26.089
26.760,-2.080,-1.294,-27.168
22.640,-2.160,-1.113,-23.425
22.940,-2.320,-1.008,-27.564
28.400,-2.710,-0.915,-27.099
24.560,-4.270,-1.751,-24.693
28.680,-4.740,-2.141,-25.447
23.360,-3.500,-1.750,-27.401
27.870,-3.310,-1.839,-26.387
22.570,-4.120,-2.359,-25.664
21.380,-4.090,-2.299,-21.663
21.870,-4.770,-2.156,-21.551
29.700,-4.740,-2.026,-28.712
24.700,2.840,-0.846,0.122
27.290,2.190,-0.962,0.128
23.140,2.650,-0.693,0.143
19.390,2.230,-0.841,0.150
18.980,2.710,-0.328,0.064
25.790,2.850,-0.290,0.074
26.560,2.250,-0.312,0.073
18.540,3.020,-0.398,0.074
30.540,0.250,5.380,-3.648
25.230,0.230,5.552,-3.017
26.130,0.230,4.597,-3.070
25.770,0.200,5.043,-3.182
22.950,0.520,5.027,-1.865
21.280,0.520,5.982,-1.479
30.980,0.460,4.777,-1.919
29.120,0.500,5.303,-1.842
28.240,0.310,5.656,-1.673
30.560,0.290,4.890,-1.849
29.290,0.250,5.459,-2.351
22.620,0.300,4.468,-2.221
30.200,0.260,4.953,-2.334
22.920,0.350,4.450,-2.201
22.890,0.280,4.298,-1.926
31.440,0.340,4.072,-1.751
25.960,0.120,8.645,-10.191
29.340,0.120,7.441,-10.187
26.410,0.160,8.175,-8.195
23.590,0.160,8.834,-9.898
28.820,0.150,9.233,-7.646
23.800,0.150,10.524,-9.275
21.200,0.120,8.757,-7.549
24.840,0.120,9.617,-7.198
18.280,3.100,10.740,-3.427
25.130,3.220,9.389,-4.149
23.590,3.030,8.413,-3.820
20.270,3.620,8.550,-3.975
18.490,3.240,7.830,-3.828
19.690,3.050,10.936,-3.995
25.770,3.000,10.822,-3.926
21.610,3.510,8.314,-3.530
22.910,6.600,-0.914,-13.919
19.190,7.860,-0.826,-15.416
23.900,5.790,-0.905,-18.491
22.220,7.440,-1.156,-16.821
17.910,6.220,-0.653,-17.472
16.610,8.260,-0.688,-14.840
22.380,5.850,-0.731,-18.188
20.070,7.430,-0.754,-12.264
31.810,-5.080,2.892,-19.646
30.970,-4.430,2.320,-27.247
28.370,-3.740,3.249,-26.131
32.040,-4.550,2.395,-27.953
26.950,-4.800,2.527,-25.659
30.910,-4.900,2.152,-24.008
29.660,-3.440,2.055,-21.376
32.520,-4.160,2.643,-20.742
22.260,3.940,-4.276,-0.309
22.300,3.300,-4.244,-0.341
20.250,3.320,-3.255,-0.434
26.720,3.040,-4.592,-0.313
21.560,2.850,-4.057,-0.535
24.710,3.180,-4.080,-0.385
26.770,3.930,-4.241,-0.471
19.120,3.270,-4.416,-0.444
23.630,-11.280,-0.344,-35.734
30.350,-10.550,-0.250,-28.091
26.940,-8.750,-0.327,-28.843
28.400,-10.480,-0.296,-33.159
34.780,-9.710,-0.328,-36.289
25.980,-10.010,-0.404,-38.740
30.640,-8.340,-0.431,-28.692
26.830,-10.890,-0.406,-36.289
29.930,-7.410,-4.257,-29.809
25.830,-6.140,-4.182,-25.991
22.970,-6.910,-3.074,-25.997
25.620,-7.530,-3.359,-32.253
29.280,-8.760,-4.031,-25.465
21.160,-8.460,-4.133,-24.637
26.770,-8.240,-4.279,-26.081
30.330,-8.770,-4.833,-25.268
23.210,2.340,0.000,-0.000
20.010,2.840,0.000,-0.000
22.090,2.160,0.000,-0.000
23.210,2.710,0.000,-0.000
21.160,2.280,0.000,0.000
24.070,2.680,0.000,0.000
22.280,2.490,0.000,0.000
25.860,2.470,0.000,0.000
20.910,2.260,2.853,1.288
19.200,3.210,3.233,1.659
23.680,2.470,2.768,1.237
24.890,3.020,3.138,1.548
21.100,3.280,2.712,1.390
26.810,3.080,2.838,1.363
20.760,2.660,2.614,1.237
20.800,2.610,2.899,1.490
29.680,-8.230,0.518,-27.773
22.730,-7.910,0.477,-29.003
25.120,-8.540,0.560,-26.480
33.210,-8.310,0.545,-23.415
28.240,-8.610,0.951,-27.579
26.940,-9.920,0.983,-24.320
28.830,-7.350,0.969,-32.338
28.680,-8.760,0.867,-22.839
25.380,3.210,5.664,-0.131
25.440,3.560,5.759,-0.184
30.210,3.130,6.758,-0.145
23.550,3.830,6.251,-0.166
28.530,3.090,6.854,0.099
29.760,3.070,6.923,0.069
25.580,3.290,6.945,0.088
31.710,3.560,7.553,0.085
18.400,5.930,-3.842,-19.829
15.150,7.150,-4.378,-16.069
19.030,5.640,-3.798,-19.895
15.710,7.190,-4.376,-18.527
16.850,6.430,-3.061,-19.204
18.570,5.150,-3.945,-17.307
14.960,6.450,-3.713,-20.607
15.180,6.060,-3.544,-16.389
27.320,2.640,0.911,0.399
25.080,2.740,0.686,0.353
26.890,2.320,0.738,0.441
26.640,2.940,0.833,0.387
24.230,2.470,0.661,0.300
24.900,2.750,0.744,0.355
27.360,2.470,0.903,0.404
22.960,3.340,0.957,0.376
18.560,3.840,3.421,-1.522
23.290,4.060,3.557,-1.173
23.220,4.470,2.746,-1.192
16.600,3.700,3.119,-1.416
17.100,3.610,3.684,-1.299
22.080,4.070,3.371,-1.230
16.940,4.210,3.326,-1.268
20.900,4.230,2.960,-1.288
25.510,2.240,-0.010,0.006
23.620,2.730,-0.008,0.006
22.820,2.580,-0.007,0.005
22.200,2.950,-0.007,0.005
22.390,2.090,0.000,-0.000
26.540,2.950,0.000,-0.000
26.490,2.600,0.000,-0.000
19.850,2.750,0.000,-0.000
15.590,4.430,3.129,-1.907
20.730,3.880,3.334,-2.772
21.290,4.050,3.228,-2.552
17.210,4.340,3.681,-2.567
15.630,3.880,3.325,-2.483
22.520,4.290,3.502,-2.568
19.330,5.320,2.751,-2.554
20.820,3.710,3.531,-2.080
24.120,3.250,5.588,2.645
20.730,2.770,6.362,2.535
27.430,2.620,5.890,2.310
22.610,3.320,5.256,1.968
21.160,2.980,4.594,2.345
27.850,2.380,5.140,2.255
22.600,2.930,4.969,2.265
26.440,2.570,5.874,2.653
17.510,3.630,-1.756,1.178
17.620,2.950,-1.770,1.086
17.550,3.650,-2.216,1.204
20.270,2.620,-1.649,1.215
20.240,3.750,-2.123,0.944
22.310,2.640,-1.675,1.214
19.290,3.430,-1.771,1.001
24.110,3.020,-1.923,1.118
16.620,4.860,1.559,-0.775
22.460,4.720,1.432,-0.821
19.320,4.480,1.925,-0.855
15.490,3.990,1.525,-0.927
18.440,4.410,1.533,-0.615
18.910,3.450,1.989,-0.659
19.830,4.010,1.690,-0.751
16.090,4.940,1.853,-0.683
14.360,10.180,-4.462,-10.649
12.880,11.260,-4.117,-12.216
13.030,10.080,-3.858,-14.168
13.670,10.710,-3.456,-13.523
17.810,8.230,-3.500,-12.047
14.780,10.920,-3.208,-12.946
14.480,10.650,-3.513,-14.356
15.930,10.760,-4.626,-11.886
11.580,5.150,-5.702,-0.159
12.040,4.210,-6.116,-0.203
10.860,4.900,-5.476,-0.172
12.840,4.580,-6.039,-0.202
14.930,4.600,-6.910,-0.139
15.100,4.100,-7.074,-0.140
14.750,4.720,-6.967,-0.142
15.200,4.580,-5.875,-0.175
11.650,4.410,-6.932,0.126
14.370,5.170,-6.820,0.101
13.020,5.630,-6.171,0.127
13.730,5.460,-8.111,0.129
11.520,5.540,-6.383,0.143
13.020,4.900,-8.484,0.127
12.840,4.740,-6.366,0.170
12.890,5.490,-7.435,0.159
13.740,5.280,-7.640,0.237
12.000,4.250,-7.499,0.280
11.990,3.820,-5.649,0.328
12.630,3.860,-5.935,0.325
12.800,5.120,-5.529,0.334
13.950,4.570,-7.109,0.319
10.620,4.280,-2.868,-0.074
15.220,4.970,-3.138,-0.062
13.690,5.280,-3.510,-0.079
15.210,4.400,-2.791,-0.063
11.990,5.410,-2.877,-0.059
13.540,4.630,-2.925,-0.065
11.000,5.180,-2.517,-0.064
11.440,4.360,-3.584,-0.063
12.170,5.140,-4.816,0.000
12.890,5.380,-5.240,0.000
12.790,5.590,-5.787,0.000
14.160,5.280,-4.561,0.000
11.360,4.840,-5.258,-0.000
13.980,4.170,-5.426,-0.000
10.910,4.480,-4.659,-0.000
14.660,5.740,-5.043,-0.000
15.360,4.350,-0.019,-0.241
17.640,4.690,-0.016,-0.249
13.860,4.000,-0.017,-0.277
18.140,4.400,-0.017,-0.228
14.460,5.400,0.031,-0.344
14.820,4.880,0.028,-0.269
16.840,4.640,0.027,-0.374
17.290,4.470,0.027,-0.253
23.320,3.110,4.401,-2.287
18.840,3.300,3.806,-2.337
20.500,3.070,3.786,-1.866
17.740,3.470,3.180,-1.897
22.030,3.180,4.223,-2.165
19.910,3.250,3.576,-1.681
20.900,3.010,4.362,-1.537
23.530,3.530,4.577,-2.236
17.450,4.800,4.660,0.277
16.810,3.950,4.850,0.260
18.430,5.350,4.243,0.273
15.490,3.620,4.821,0.312
17.510,4.250,3.577,0.204
16.940,3.820,5.094,0.255
19.820,5.300,4.533,0.267
19.000,4.210,4.670,0.266
13.540,4.410,-6.937,-0.444
17.330,5.460,-7.672,-0.394
14.410,4.400,-9.025,-0.419
16.010,4.450,-10.287,-0.442
14.250,5.650,-9.291,-0.498
13.240,4.300,-8.494,-0.541
13.460,5.390,-10.910,-0.373
15.420,4.310,-9.987,-0.537
13.390,5.760,-10.640,0.994
14.930,4.460,-11.765,1.146
14.680,4.180,-12.081,0.873
12.760,5.720,-12.728,0.931
9.300,4.400,-16.723,0.662
12.370,5.370,-16.343,0.665
9.140,4.700,-13.145,0.533
9.900,4.200,-16.810,0.646
10.790,5.090,-18.523,0.469
11.700,4.000,-18.811,0.615
12.070,5.270,-16.002,0.581
9.050,4.640,-18.989,0.547
9.840,5.960,-16.661,0.154
9.020,5.940,-14.156,0.112
9.630,4.610,-13.540,0.131
11.780,4.960,-13.999,0.122
9.740,5.420,-12.879,0.100
11.730,6.070,-18.083,0.128
11.950,5.170,-14.825,0.120
10.750,4.690,-13.935,0.128
16.200,4.690,-8.845,0.383
12.170,5.320,-8.999,0.416
13.300,4.560,-6.876,0.355
15.760,4.210,-6.365,0.438
15.230,5.770,-6.525,-0.243
13.690,4.480,-6.690,-0.252
12.290,4.400,-6.427,-0.183
15.230,4.360,-7.194,-0.211
11.310,5.160,-9.252,0.085
11.730,5.100,-8.993,0.122
14.600,3.990,-9.986,0.091
13.960,4.640,-10.345,0.097
14.400,5.300,-9.226,0.073
12.980,4.040,-3.929,0.188
12.930,4.520,-4.763,0.150
13.220,5.020,-4.160,0.194
13.980,4.530,-8.066,-0.000
12.340,4.050,-6.832,-0.000
13.320,5.480,-6.092,-0.000
11.520,4.080,-8.400,-0.000
12.200,4.350,-7.196,0.000
11.800,5.540,-7.940,0.000
12.200,5.050,-6.520,0.000
13.740,5.490,-6.914,0.000
12.660,5.700,-6.950,0.000
13.240,7.770,-1.026,-16.986
14.900,7.300,-0.856,-20.239
14.570,8.070,-0.812,-18.246
14.520,9.160,-0.999,-20.551
14.840,9.030,-0.796,-18.971
13.870,7.230,-1.146,-16.649
13.930,9.460,-1.014,-18.765
13.640,8.660,-0.988,-23.316
14.090,4.180,0.114,0.277
14.730,4.750,0.112,0.316
15.820,5.800,0.119,0.342
15.740,4.150,0.153,0.284
18.580,4.410,0.007,0.298
15.980,5.070,0.007,0.296
15.010,4.000,0.007,0.389
13.480,4.130,0.007,0.314
19.060,4.110,5.051,-2.292
19.340,3.060,5.253,-2.414
18.090,4.070,4.091,-1.936
23.650,3.470,5.656,-2.051
19.310,3.320,5.287,-2.254
16.220,4.120,5.745,-2.449
17.750,4.450,4.965,-1.947
20.810,3.170,4.640,-2.583
20.470,3.360,7.705,0.008
22.380,2.760,8.843,0.006
25.410,2.510,7.141,0.007
19.400,3.080,7.670,0.006
26.340,2.990,6.550,0.316
20.610,2.700,5.868,0.302
26.360,3.440,6.178,0.362
25.800,3.550,5.802,0.416
22.990,3.340,6.414,0.851
25.820,3.490,5.938,0.885
19.220,2.430,6.853,0.788
18.170,3.380,7.313,0.960
26.540,3.120,7.894,0.244
20.750,2.950,7.431,0.201
25.390,3.460,7.906,0.280
18.680,2.600,6.183,0.254
18.990,2.510,10.665,-6.953
21.490,3.160,10.726,-7.540
21.480,2.640,12.299,-6.415
25.570,3.150,13.754,-5.848
25.330,3.170,12.619,-5.931
24.090,2.490,12.546,-4.805
19.010,2.340,11.585,-5.807
24.810,2.900,11.186,-6.901
20.620,5.390,0.465,-0.207
17.670,5.040,0.474,-0.245
21.200,4.940,0.414,-0.190
18.150,4.630,0.470,-0.225
20.210,5.650,0.345,-0.285
17.440,4.230,0.457,-0.338
17.910,4.290,0.392,-0.282
21.100,4.930,0.367,-0.334
15.070,5.890,-4.728,-0.065
14.630,5.880,-3.606,-0.067
17.050,4.620,-4.976,-0.073
16.700,5.080,-4.643,-0.064
16.350,4.050,-5.059,0.033
15.970,4.630,-4.228,0.034
16.170,5.460,-5.300,0.029
16.370,5.410,-3.992,0.028
12.350,6.240,-6.312,-5.020
14.820,5.150,-5.899,-5.191
14.000,5.970,-4.966,-5.806
12.220,4.240,-6.303,-5.956
12.110,4.410,-7.168,-4.300
14.320,6.050,-5.932,-0.453
14.830,5.830,-6.382,-0.560
14.580,5.650,-4.735,-0.538
13.350,5.220,-8.085,0.221
13.750,4.770,-6.262,0.195
14.810,4.510,-0.811,0.381
17.590,7.680,-2.695,-20.762
19.490,7.940,-2.573,-24.036
19.630,6.070,-2.861,-20.827
15.010,6.620,-2.767,-23.140
17.240,8.070,-2.584,-20.946
18.620,5.650,-2.940,-22.778
16.770,7.880,-2.814,-17.538
18.980,6.480,-3.453,-23.952
20.900,3.280,1.752,1.727
22.140,2.230,1.561,1.367
26.590,2.770,1.439,1.529
26.660,2.640,2.026,1.516
26.690,3.200,1.676,1.589
20.470,2.750,1.466,1.859
19.370,2.820,1.494,1.636
20.690,2.780,1.861,1.568
21.900,3.160,-3.479,2.604
19.670,3.870,-4.672,2.156
25.080,4.360,-3.351,2.518
23.000,3.490,-3.399,2.479
23.210,3.890,-4.063,1.912
19.570,4.350,-4.673,1.961
22.070,3.520,-4.422,1.900
17.330,3.450,-4.510,2.020
25.370,3.330,-2.929,1.253
23.570,3.660,-3.030,1.185
24.090,3.470,-3.001,1.605
18.630,3.090,-2.649,1.450
25.200,3.460,-2.530,1.850
21.720,2.940,-3.313,2.097
17.180,3.690,-2.551,1.457
24.760,3.180,-2.940,1.482
21.670,2.870,4.600,0.725
24.630,2.790,4.915,0.878
26.510,2.400,4.477,0.748
21.570,2.760,4.204,0.911
23.120,2.840,4.276,0.737
23.660,2.730,4.738,0.810
19.400,2.960,5.029,0.885
24.270,2.140,3.470,0.670
26.920,2.930,1.963,1.173
20.000,2.820,2.498,1.408
23.270,3.160,2.270,1.208
19.340,2.970,2.531,1.432
21.400,2.640,2.589,1.388
25.720,2.310,2.227,1.372
18.900,2.410,2.113,1.024
25.730,2.870,2.127,0.978
17.060,4.070,-4.558,3.083
17.590,3.700,-3.891,3.120
19.700,3.400,-3.590,3.021
20.240,4.290,-3.782,2.625
17.650,3.950,-3.440,2.344
16.490,4.550,-4.544,2.703
20.280,3.120,-4.026,2.732
17.660,3.780,-5.001,3.039
14.610,4.260,-7.911,0.181
17.760,4.220,0.935,-3.414
23.150,4.690,1.153,-3.429
20.070,3.850,0.897,-3.011
18.770,3.860,0.998,-3.551
21.900,3.470,0.988,-3.751
16.810,4.700,0.960,-3.759
21.780,4.550,1.073,-4.014
19.290,3.310,1.240,-2.950
17.840,3.700,-4.013,1.092
17.980,3.160,-4.246,1.145
19.510,2.910,-3.407,1.576
24.860,3.140,-4.338,1.216
20.340,2.970,-3.414,1.088
20.230,2.950,-4.443,1.122
21.010,3.080,-3.874,1.465
20.040,3.580,-4.425,1.285
15.330,16.370,0.339,-10.611
17.330,13.150,0.296,-11.378
14.790,15.480,0.317,-12.860
17.730,14.170,0.326,-11.657
12.720,17.580,0.339,-13.438
14.890,13.810,0.257,-11.567
18.090,17.470,0.249,-12.041
13.350,16.030,0.265,-10.786
17.440,8.720,0.924,-20.334
19.190,7.540,1.218,-21.794
17.370,9.170,1.050,-22.281
19.580,8.850,1.033,-27.108
16.710,9.780,1.050,-26.801
20.790,10.160,1.009,-24.056
17.820,7.280,0.729,-26.656
18.410,7.590,1.009,-26.689
23.810,3.510,3.405,0.783
28.670,2.710,3.937,0.766
27.660,2.960,4.733,0.851
23.130,3.910,4.524,0.813
26.690,3.490,3.329,0.835
22.990,3.570,4.410,0.758
27.800,2.990,3.887,0.658
22.550,3.800,4.161,0.936
24.430,2.910,-4.118,2.200
20.820,2.970,-5.325,2.624
17.180,3.330,-4.154,2.197
22.950,2.520,-5.438,2.256
21.440,3.000,-4.856,2.282
19.770,2.580,-5.433,2.182
22.230,2.810,-5.056,2.081
23.760,2.480,-4.820,1.973
14.870,4.900,-4.235,-1.059
22.670,2.770,5.955,2.524
23.210,3.170,4.593,1.913
22.040,2.940,5.466,2.132
28.540,2.940,4.566,2.213
22.210,3.550,6.095,2.161
29.110,2.720,5.849,2.062
22.710,3.270,6.228,1.961
27.660,2.980,5.339,2.539
29.150,-3.490,8.828,-23.459
25.680,-4.390,11.284,-19.164
34.890,-3.440,11.330,-22.450
24.770,-3.420,10.303,-16.894
30.280,-4.030,9.764,-21.042
33.100,-4.430,9.325,-18.499
24.650,-4.810,10.948,-23.179
29.810,-3.340,9.623,-23.750
22.580,4.650,4.588,3.438
26.510,3.930,6.249,2.687
23.170,4.430,6.070,2.536
27.370,4.370,4.523,2.721
26.400,3.500,5.007,3.359
22.780,3.730,6.395,3.675
25.260,4.510,5.931,2.817
19.880,4.870,5.711,3.559
32.520,-7.830,4.213,-33.497
27.520,-9.000,5.556,-34.306
24.360,-10.300,3.940,-33.437
25.250,-10.130,4.269,-46.959
29.310,-10.050,4.948,-41.387
29.710,-9.010,4.559,-38.382
23.060,-9.080,3.983,-32.559
25.790,-7.710,4.337,-39.102
21.760,2.490,0.000,0.000
19.670,2.730,0.000,0.000
25.500,2.060,0.000,0.000
23.630,2.170,0.000,0.000
18.970,2.310,-0.000,0.000
22.360,2.210,-0.000,0.000
23.330,2.040,-0.000,0.000
20.800,2.210,-0.000,0.000
25.080,1.990,0.818,0.069
19.960,2.720,0.937,0.088
18.310,2.490,0.905,0.080
19.830,2.380,0.713,0.078
19.870,1.990,0.765,0.075
23.090,2.090,0.896,0.064
19.640,2.500,0.692,0.065
24.820,2.020,0.860,0.073
21.860,6.630,-3.752,-20.348
18.900,6.430,-4.701,-20.469
21.230,6.210,-3.776,-14.215
19.810,6.160,-3.826,-16.761
16.950,7.230,-4.700,-18.428
17.380,6.430,-3.408,-15.567
22.780,6.140,-3.434,-15.632
21.740,5.930,-3.815,-14.636
22.510,-1.140,4.942,-7.108
31.940,-1.290,5.192,-6.483
29.330,-1.170,6.016,-5.939
28.450,-1.210,4.906,-5.911
26.600,-1.080,5.899,-6.544
30.790,-1.280,6.291,-6.371
24.490,-1.110,4.345,-6.074
26.740,-1.440,5.339,-6.513
26.420,3.360,0.900,0.340
27.780,2.520,0.742,0.402
20.020,2.280,0.843,0.380
23.990,3.290,0.705,0.399
21.190,3.080,0.853,0.334
22.740,2.790,1.031,0.328
28.220,2.330,0.731,0.330
25.110,2.300,0.914,0.350
21.130,-1.300,-0.662,-15.045
21.250,-1.810,-0.686,-16.799
26.440,-1.300,-0.850,-14.532
27.890,-1.690,-0.707,-16.373
27.480,-1.460,-0.997,-12.520
21.970,-1.260,-1.264,-16.475
28.960,-1.590,-1.390,-12.630
28.600,-1.450,-1.312,-15.610
23.630,3.900,-6.306,2.426
23.610,2.810,-5.554,2.950
21.380,3.630,-6.983,2.602
21.400,3.350,-6.935,2.266
18.330,3.280,-6.000,2.529
22.610,3.290,-6.214,3.694
17.630,3.880,-7.147,2.984
20.660,2.870,-6.319,3.610
13.020,4.800,-12.807,0.022
13.170,4.310,-9.649,0.032
22.270,4.140,0.988,-1.689
23.860,4.210,1.345,-1.882
23.380,3.690,1.279,-1.601
19.410,3.550,1.073,-1.808
17.130,3.590,1.282,-1.991
19.430,3.110,1.359,-1.626
20.930,3.810,1.337,-1.527
23.830,4.140,1.268,-1.742
23.380,2.920,4.588,1.600
19.890,2.750,3.416,1.609
19.390,3.060,4.903,1.484
28.300,2.690,3.547,1.721
19.550,2.880,3.897,1.510
23.560,2.460,4.404,2.174
23.990,3.570,4.425,2.151
25.950,2.730,4.613,1.920
23.110,-6.320,-1.672,-26.125
30.300,-7.530,-2.092,-23.869
23.440,-6.210,-1.809,-21.889
29.220,-7.010,-1.588,-23.415
25.900,-8.040,-1.810,-25.192
22.090,-8.100,-2.179,-23.878
22.820,-7.850,-1.935,-25.176
23.280,-5.890,-1.797,-31.222
23.550,-5.150,3.327,-14.544
29.520,-5.760,2.649,-17.475
28.420,-4.200,3.215,-15.397
24.600,-4.500,2.486,-15.944
30.300,-5.310,3.428,-14.700
30.160,-5.210,3.217,-17.531
29.000,-5.200,3.546,-14.485
28.070,-5.810,3.542,-15.314
20.150,4.730,2.077,-21.689
16.750,5.110,2.510,-21.702
16.250,6.490,2.834,-22.533
18.600,5.600,2.954,-25.724
20.570,5.750,2.036,-25.648
21.590,6.880,2.585,-22.646
19.770,5.490,2.395,-25.343
22.670,5.210,2.555,-20.281
28.000,-4.170,6.764,-16.427
29.240,-5.010,8.974,-20.045
23.890,-3.700,8.449,-15.706
30.830,-5.290,7.699,-19.966
33.360,-4.850,8.244,-19.884
23.540,-4.820,7.132,-19.504
30.490,-4.110,8.530,-15.832
23.720,-4.250,7.318,-14.312
21.730,2.540,-0.267,-0.464
19.830,2.890,-0.296,-0.440
18.310,2.290,-0.312,-0.375
20.480,2.680,-0.313,-0.398
22.680,2.900,-0.567,-0.356
21.650,2.700,-0.412,-0.286
24.930,2.940,-0.490,-0.401
22.770,2.630,-0.461,-0.312
22.720,1.990,-1.255,0.546
20.770,2.460,-1.285,0.471
25.620,2.380,-1.255,0.401
22.620,2.390,-1.054,0.491
20.610,2.160,-0.899,0.502
21.350,2.520,-1.093,0.488
25.470,1.920,-0.943,0.471
25.550,2.840,-1.259,0.486
18.370,2.790,-2.227,0.499
25.030,2.620,-1.912,0.639
25.660,2.840,-2.211,0.553
18.290,2.610,-1.795,0.453
18.200,3.110,-3.025,0.957
18.630,2.930,-2.231,0.761
20.820,3.030,-2.949,0.855
17.970,2.250,-2.090,0.939
32.490,-14.890,12.632,-35.849
31.770,-12.960,11.880,-42.884
35.090,-11.920,12.350,-38.895
31.530,-10.480,10.664,-42.276
24.580,-14.010,10.962,-36.431
25.280,-13.750,13.012,-30.032
32.610,-13.610,9.788,-29.911
26.050,-10.950,10.197,-29.219
25.920,-12.630,-0.144,-43.034
30.570,-11.270,-0.115,-33.934
23.410,-14.860,-0.110,-41.210
25.120,-12.610,-0.125,-29.895
32.030,-14.550,-0.762,-41.723
25.890,-11.140,-0.623,-41.725
29.450,-12.660,-0.535,-35.031
24.860,-13.160,-0.557,-35.437
26.580,2.850,-1.379,0.194
24.780,2.750,-1.138,0.163
21.020,3.440,-1.008,0.192
23.700,2.880,-1.050,0.176
20.680,3.580,-1.021,0.195
24.060,3.000,-1.158,0.141
28.650,2.850,-1.018,0.140
20.610,3.720,-0.946,0.177
32.680,-13.450,3.047,-34.097
27.460,-12.320,3.458,-33.014
24.540,-9.040,3.170,-35.616
30.660,-10.150,3.566,-33.494
34.980,-11.930,3.997,-34.076
27.130,-11.600,3.954,-26.619
29.330,-12.510,4.302,-25.161
33.230,-9.830,4.022,-32.840
18.670,5.040,-3.189,-12.589
21.890,4.010,-3.677,-15.383
26.410,5.500,-3.239,-14.406
26.450,5.300,-4.271,-11.786
23.090,4.840,-0.485,-18.121
23.940,5.340,-0.447,-23.750
23.820,3.940,-0.535,-19.167
24.540,5.750,-0.536,-19.541
18.600,2.020,-0.459,0.458
20.920,2.860,-0.512,0.385
21.050,2.140,-0.601,0.424
25.750,2.290,-0.410,0.353
24.050,2.090,-0.529,0.336
18.010,2.950,-0.548,0.296
23.290,2.550,-0.531,0.285
22.370,2.470,-0.682,0.312
25.750,-7.150,-2.916,-21.238
27.840,-6.940,-2.769,-18.754
23.260,-7.050,-3.059,-19.622
27.770,-6.680,-2.592,-22.840
21.680,-7.320,-2.984,-25.356
20.700,-9.040,-2.626,-21.688
29.740,-7.830,-2.785,-24.915
20.540,-7.800,-2.741,-24.946
36.020,-6.560,-2.493,-19.909
28.310,-6.780,-3.023,-19.963
25.430,-6.980,-2.326,-24.532
28.350,-6.110,-2.996,-26.306
25.100,-7.480,-2.107,-22.462
30.570,-7.430,-1.977,-26.258
25.650,-7.120,-2.178,-26.401
30.240,-6.510,-1.717,-23.968
33.180,-7.060,-7.059,-24.471
29.570,-6.490,-7.762,-19.013
25.090,-5.620,-5.998,-24.776
28.880,-7.300,-6.604,-19.715
32.270,-6.710,-7.926,-17.964
31.440,-5.140,-5.967,-21.473
23.610,-6.630,-8.218,-20.079
29.270,-5.850,-7.795,-18.176
30.370,-10.450,-2.289,-27.827
25.530,-11.600,-2.360,-28.342
25.490,-10.310,-2.130,-31.701
31.330,-9.600,-2.526,-23.535
24.790,-10.460,-2.435,-23.640
24.350,-12.610,-3.266,-29.231
28.760,-8.880,-2.315,-27.026
33.260,-11.780,-2.719,-26.554
26.700,-13.960,4.249,-40.622
34.070,-12.860,4.445,-30.361
29.890,-15.140,4.286,-28.119
32.160,-14.170,3.814,-29.436
30.690,-12.960,4.986,-37.922
29.160,-15.920,4.550,-41.333
24.730,-15.660,3.953,-36.901
28.750,-16.320,3.952,-38.433
26.090,-14.300,-3.672,-25.165
28.930,-13.720,-3.018,-31.919
27.990,-15.690,-3.677,-28.183
28.960,-11.880,-4.043,-33.498
29.720,-10.880,-3.385,-26.471
32.930,-14.830,-3.211,-24.408
28.010,-12.410,-3.308,-23.149
26.140,-15.550,-3.910,-25.549
33.930,-12.340,0.202,-35.010
24.580,-9.490,0.189,-23.501
32.880,-11.560,0.151,-31.022
26.100,-11.460,0.189,-31.548
30.680,-11.320,-0.073,-25.345
33.610,-9.040,-0.074,-30.245
33.010,-9.140,-0.091,-30.160
34.000,-9.320,-0.097,-33.357
20.890,2.760,8.880,-3.356
19.750,2.840,7.347,-3.606
17.120,3.690,8.496,-3.484
21.290,3.270,8.101,-3.871
22.170,3.660,9.716,-3.956
22.800,2.740,7.263,-3.604
23.730,3.450,8.102,-3.859
21.870,2.870,8.908,-3.896
36.160,-0.170,7.897,-7.475
36.210,-0.170,8.126,-8.279
32.080,-0.160,9.854,-8.276
33.930,-0.170,9.557,-7.951
37.190,-0.170,9.458,-8.511
25.850,-0.180,10.402,-7.245
32.680,-0.140,9.842,-10.135
29.590,-0.200,9.221,-7.123
31.750,-0.050,7.391,-9.287
27.820,-0.060,8.512,-13.074
33.970,-0.060,8.875,-9.180
26.770,-0.060,10.000,-11.037
24.810,-0.060,8.714,-10.897
34.160,-0.040,10.376,-11.028
24.830,-0.050,9.551,-9.083
30.250,-0.060,7.561,-9.724
26.400,3.510,5.075,-0.655
29.060,3.450,5.778,-0.702
29.650,4.130,4.549,-0.614
21.980,3.220,4.326,-0.716
27.950,3.730,4.385,-0.688
27.290,2.880,5.539,-0.620
23.100,3.580,5.409,-0.704
30.220,3.670,5.371,-0.676
39.530,-1.400,13.243,-10.113
37.800,-0.990,11.877,-10.111
34.720,-0.970,12.042,-10.485
39.080,-1.350,12.349,-9.865
29.390,-1.080,13.719,-12.554
34.030,-1.170,12.992,-11.169
32.920,-1.230,10.557,-10.318
30.170,-1.110,11.436,-12.136
30.860,-0.670,12.918,-10.111
28.680,-0.770,12.929,-7.658
39.130,-0.650,10.235,-9.184
29.930,-0.620,11.428,-9.119
36.090,-0.740,12.620,-8.348
41.880,-0.750,11.712,-10.274
42.130,-0.660,10.435,-8.847
39.470,-0.680,10.285,-10.341
39.030,-1.790,9.009,-11.280
38.300,-1.440,8.858,-7.765
40.580,-1.650,8.458,-8.104
34.120,-1.700,7.824,-10.236
32.740,-1.730,7.474,-10.235
41.650,-1.500,7.137,-9.594
36.420,-1.640,7.918,-9.235
30.940,-1.450,8.681,-11.021
30.210,-0.030,10.844,-6.790
35.780,-0.030,10.469,-7.863
33.950,-0.040,9.872,-7.298
29.740,-0.040,11.860,-9.553
41.520,-0.050,10.061,-8.335
31.840,-0.050,11.992,-10.152
29.500,-0.040,8.529,-9.230
41.500,-0.040,11.271,-9.802
30.350,-1.040,7.579,-9.311
39.500,-1.360,7.478,-9.566
27.960,-1.420,9.476,-9.879
31.760,-1.520,9.076,-8.025
33.950,-1.130,9.960,-11.441
37.040,-1.180,10.846,-9.720
36.210,-1.170,7.922,-8.344
36.190,-1.530,10.592,-11.428
20.460,4.840,-1.036,-17.959
22.110,6.180,-0.981,-17.382
16.740,5.000,-0.812,-20.094
20.100,6.130,-0.915,-23.784
20.380,4.910,-0.879,-23.100
16.500,5.400,-1.068,-16.927
17.790,6.090,-0.772,-21.457
19.850,5.810,-0.820,-19.723
24.110,2.470,5.934,-4.400
22.270,2.820,5.542,-4.042
23.340,2.530,4.769,-4.425
22.460,2.410,4.100,-4.120
29.680,2.970,5.292,-4.464
25.380,2.570,5.287,-4.662
28.090,3.210,4.925,-4.063
22.660,3.010,4.096,-3.442
25.070,-7.130,1.629,-25.249
33.070,-6.200,2.264,-30.968
33.160,-5.950,1.829,-30.387
33.610,-7.650,1.679,-27.227
30.390,-6.000,1.704,-21.927
32.740,-8.390,1.703,-27.588
27.050,-5.980,2.215,-31.167
33.440,-8.140,2.261,-27.611
23.490,2.080,0.000,-0.000
24.550,2.240,0.000,-0.000
26.670,2.840,0.000,-0.000
19.730,2.250,0.000,-0.000
25.820,2.080,0.000,-0.000
26.850,2.290,0.000,-0.000
19.360,1.930,0.000,-0.000
22.730,2.050,0.000,-0.000
25.530,1.090,8.280,-8.850
30.520,1.050,7.557,-6.373
24.540,1.020,8.395,-7.214
31.820,1.320,8.779,-6.839
25.400,1.310,7.751,-6.436
32.620,1.330,7.265,-6.737
33.010,1.160,7.533,-5.937
25.400,1.130,8.219,-8.568
32.130,-7.870,13.077,-24.621
30.500,-9.140,11.467,-31.909
27.570,-8.620,13.897,-31.895
29.960,-7.980,13.432,-24.156
34.750,-9.860,12.867,-26.059
36.610,-11.060,13.582,-23.343
37.900,-9.640,13.761,-23.109
28.970,-8.660,13.329,-26.239
24.480,1.930,0.000,0.000
26.140,2.000,0.000,0.000
20.980,2.530,0.000,0.000
20.850,2.240,0.000,0.000
21.200,2.590,-0.000,0.000
22.550,2.430,-0.000,0.000
21.660,2.100,-0.000,0.000
18.070,2.320,-0.000,0.000
30.000,3.220,7.021,1.422
20.630,3.180,7.327,1.288
25.550,3.210,6.861,1.823
29.660,3.110,7.892,1.359
21.890,3.540,7.950,1.301
22.110,3.340,5.764,1.686
22.730,3.810,7.779,1.773
20.590,4.110,8.024,1.388
27.750,3.780,-2.019,-1.175
25.080,2.650,-1.855,-0.907
20.510,3.000,-1.812,-1.035
28.730,3.360,-1.768,-1.173
23.150,2.870,-2.149,-0.680
23.690,3.700,-1.491,-0.864
21.770,3.180,-1.642,-0.914
28.430,3.120,-1.541,-0.940
27.750,9.500,3.593,-18.884
20.480,9.460,3.529,-16.617
25.560,10.550,4.905,-18.012
28.370,11.370,3.705,-16.511
28.280,7.940,3.700,-21.076
21.350,8.060,4.097,-20.217
25.450,9.140,4.240,-24.008
26.070,10.390,5.041,-23.912
36.600,-3.790,3.578,-25.201
30.770,-3.590,4.927,-30.843
44.420,-3.290,3.465,-22.748
30.220,-4.230,4.319,-28.160
43.140,-4.420,4.404,-23.777
40.700,-4.850,4.678,-22.963
40.120,-4.120,4.146,-23.596
31.760,-3.880,4.432,-26.732
29.290,-5.770,6.046,-32.204
28.240,-4.410,6.876,-30.953
32.080,-5.170,6.352,-22.939
32.140,-4.330,5.195,-25.528
30.490,-5.060,5.529,-28.190
31.810,-4.960,6.091,-33.435
33.330,-4.120,7.160,-30.709
35.230,-4.110,6.420,-25.237
40.710,-4.940,8.264,-33.777
41.970,-3.430,7.074,-32.522
36.130,-4.180,7.401,-26.757
41.570,-3.620,8.707,-29.525
39.710,-4.210,6.889,-31.625
39.690,-4.830,7.398,-32.425
32.080,-4.020,7.876,-26.273
33.980,-4.380,6.409,-33.908
44.130,-2.740,3.149,-27.072
40.740,-2.140,2.247,-23.807
45.840,-2.220,2.259,-33.678
37.360,-2.400,2.663,-32.125
40.010,-2.780,2.801,-28.990
41.160,-2.140,2.646,-26.714
41.850,-2.070,2.904,-29.820
42.290,-2.640,2.354,-28.330
45.750,-8.420,9.139,-29.124
46.530,-8.010,9.051,-32.749
45.680,-9.230,7.089,-29.112
34.480,-8.680,7.156,-25.618
33.530,-9.970,8.835,-34.621
41.190,-11.350,8.709,-30.610
36.750,-7.980,9.597,-27.517
39.820,-8.290,8.420,-27.754
24.180,-6.260,1.783,-30.868
27.720,-8.530,1.350,-27.232
29.610,-6.340,1.739,-28.202
27.650,-6.880,1.634,-25.552
24.740,-7.120,1.954,-36.827
25.320,-7.260,1.982,-33.214
27.800,-7.710,1.890,-27.861
23.790,-7.020,1.645,-36.121
31.910,-10.730,3.544,-40.353
38.290,-9.880,3.269,-40.896
38.440,-11.170,2.658,-35.555
32.310,-8.960,3.584,-38.374
35.380,-8.790,3.397,-40.349
38.060,-11.470,2.708,-38.485
30.900,-10.010,4.027,-34.591
35.990,-8.800,3.703,-34.641
37.020,-8.620,6.306,-32.983
34.330,-10.940,4.971,-34.215
42.750,-10.570,4.510,-36.425
39.220,-10.560,5.313,-31.815
35.590,-11.000,4.739,-29.887
43.640,-8.100,5.301,-32.509
34.050,-7.840,4.771,-29.790
41.230,-8.730,5.098,-39.416
16.010,5.760,-1.496,-22.188
17.940,5.310,-1.922,-28.306
20.490,6.260,-1.561,-20.069
20.790,5.980,-1.939,-21.809
18.670,6.630,-2.189,-24.047
18.840,6.800,-1.949,-23.128
20.090,6.350,-1.846,-23.876
17.840,6.360,-2.339,-28.302
24.180,2.390,5.343,-1.170
22.770,2.750,5.426,-1.151
22.120,2.980,5.070,-1.170
24.130,3.110,4.916,-1.036
24.320,2.400,4.988,-1.212
25.150,3.360,6.180,-1.394
20.080,2.660,5.222,-1.572
26.810,2.310,5.312,-1.445
23.510,2.420,1.153,0.274
18.970,2.320,1.053,0.255
20.090,3.410,0.971,0.233
21.460,3.170,1.218,0.257
26.790,3.250,1.075,0.315
19.730,2.700,1.071,0.303
24.260,2.530,0.962,0.396
22.410,2.600,1.048,0.280
27.570,0.680,12.193,-9.956
35.470,0.820,12.854,-8.380
31.220,0.860,11.408,-10.118
29.470,0.820,10.246,-8.886
27.160,0.770,11.811,-9.127
32.260,0.880,10.929,-10.104
32.290,0.860,13.343,-9.160
26.680,0.700,13.578,-7.114
29.820,-10.330,1.282,-37.918
23.270,-11.760,1.386,-33.386
31.160,-11.760,1.338,-37.184
31.400,-11.220,1.441,-39.102
31.320,-13.490,1.414,-32.488
25.530,-13.230,1.441,-27.686
29.030,-13.870,1.329,-39.095
26.110,-11.660,1.951,-34.343
25.990,2.720,0.000,0.000
22.470,2.390,0.000,0.000
24.630,2.030,0.000,0.000
23.480,2.880,0.000,0.000
24.600,2.980,0.000,0.000
26.060,2.770,0.000,0.000
19.330,2.710,0.000,0.000
19.510,2.100,0.000,0.000
20.180,2.670,-0.430,-0.117
18.640,2.720,-0.513,-0.113
26.830,2.600,-0.566,-0.147
19.150,2.230,-0.470,-0.140
18.300,2.130,-0.453,-0.114
25.990,2.080,-0.514,-0.104
19.090,2.620,-0.445,-0.111
26.040,2.530,-0.396,-0.085
22.340,5.480,1.886,0.720
22.770,4.790,2.094,0.688
30.110,5.360,1.675,0.812
22.040,4.890,1.797,0.709
30.570,4.870,1.171,0.642
27.790,4.360,1.360,0.519
21.680,4.230,1.353,0.639
30.860,5.210,1.576,0.634
28.980,3.380,2.289,-0.125
22.160,2.930,2.701,-0.105
23.620,4.150,2.348,-0.129
26.650,3.450,3.026,-0.121
27.600,3.970,2.172,-0.348
24.250,3.870,2.441,-0.302
22.200,4.300,2.827,-0.320
28.730,4.230,2.310,-0.296
15.270,16.640,0.671,-8.502
12.430,20.210,0.770,-6.686
11.960,16.490,0.733,-6.884
11.810,18.330,0.815,-6.858
13.590,15.890,0.650,-6.605
17.460,16.750,0.870,-6.921
11.960,22.240,0.917,-6.811
11.800,17.250,0.836,-7.246
22.490,13.800,3.466,-16.209
22.760,13.960,3.615,-16.154
17.430,14.160,3.631,-12.379
22.140,10.990,3.454,-14.584
17.020,14.820,3.535,-17.916
21.350,12.390,4.686,-17.447
18.430,12.420,3.539,-12.278
23.600,12.390,4.467,-13.546
27.070,3.050,5.796,-27.950
28.160,2.730,6.246,-25.245
27.590,2.470,6.863,-29.746
28.110,3.080,7.208,-26.817
28.230,2.850,6.887,-29.594
26.820,3.070,7.399,-22.862
29.220,3.480,5.981,-23.062
37.390,3.130,6.032,-23.894
35.010,2.350,2.428,-22.949
34.610,2.020,2.092,-28.720
37.000,2.190,2.643,-22.499
34.490,1.900,2.191,-22.405
33.270,2.390,2.358,-26.437
36.610,2.250,2.318,-29.288
35.820,1.660,2.580,-29.678
31.130,2.050,2.925,-28.568
30.690,3.140,8.114,-25.035
22.420,2.750,5.438,-22.731
30.520,3.020,5.471,-25.264
28.410,3.210,6.868,-22.878
24.220,3.310,5.676,-26.202
25.240,3.210,5.953,-25.848
20.960,2.750,5.771,-24.196
27.410,3.250,7.270,-21.637
25.730,0.020,0.605,-18.769
31.420,0.030,0.811,-20.664
30.940,0.030,0.812,-27.067
32.950,0.030,0.729,-25.465
31.570,0.020,1.441,-25.443
27.360,0.020,1.487,-19.702
24.730,0.020,1.318,-19.605
25.410,0.020,1.077,-26.452
20.270,2.590,-4.604,2.979
24.290,2.700,-5.703,2.456
22.610,2.340,-3.896,2.516
19.420,2.850,-4.123,2.806
25.020,2.960,-4.494,2.012
19.000,2.820,-3.328,1.787
25.950,2.460,-4.109,2.267
25.210,2.680,-3.752,2.020
30.470,-1.220,5.780,-32.000
27.740,-1.130,6.288,-26.863
27.070,-1.050,6.279,-27.938
34.950,-1.280,6.759,-28.505
27.740,-1.170,7.512,-25.114
28.740,-1.130,6.333,-26.528
35.330,-1.420,6.279,-33.223
34.280,-1.100,7.168,-29.115
30.420,2.770,5.671,-17.723
23.930,2.600,6.061,-17.079
29.810,2.830,5.549,-20.015
22.790,2.670,5.078,-22.730
23.190,3.250,4.266,-17.365
25.410,2.250,4.293,-24.398
29.660,2.920,5.189,-23.367
22.520,3.290,5.415,-20.161
38.440,2.570,4.004,-18.613
29.500,2.360,4.326,-21.525
31.220,3.130,4.458,-23.059
34.960,2.530,4.343,-18.088
26.170,2.440,4.916,-19.348
36.140,2.710,3.995,-22.659
34.630,3.320,3.755,-23.214
31.810,2.930,5.200,-17.810
14.070,19.460,-1.638,-17.257
15.200,16.880,-2.063,-12.269
14.810,19.830,-2.264,-16.116
13.190,14.320,-1.601,-13.573
17.980,19.690,-2.406,-12.371
15.850,14.740,-2.168,-17.270
14.960,18.180,-2.670,-13.344
16.190,13.910,-2.067,-13.148
15.060,7.110,-6.605,-29.418
16.590,7.200,-7.378,-24.737
15.390,7.170,-6.734,-34.666
15.770,9.840,-6.051,-26.590
15.690,9.030,-5.686,-34.196
13.410,8.290,-5.258,-27.998
13.960,8.500,-7.108,-23.820
16.310,9.530,-5.123,-28.736
14.560,4.250,-2.062,0.149
13.800,5.870,-2.022,0.407
13.270,4.910,-1.233,-1.726
12.850,4.340,-1.334,-2.047
14.670,5.290,-1.577,-2.046
14.040,5.290,-4.796,-0.619
13.340,3.970,-5.841,-0.744
14.160,5.120,-5.587,-0.645
12.450,4.440,-6.064,-0.335
14.270,4.890,-4.467,-0.434
13.780,4.260,-5.825,-0.335
14.950,8.050,-2.072,-21.450
15.240,7.160,-2.797,-28.175
17.730,8.870,-2.404,-27.782
20.080,7.220,-2.922,-23.999
14.930,9.420,-2.622,-28.948
20.540,9.840,-2.317,-26.516
18.470,8.540,-2.802,-21.160
19.620,9.010,-2.179,-24.960
17.530,3.990,7.392,-1.483
21.630,3.880,5.548,-1.509
18.330,3.060,6.862,-1.451
20.760,3.310,6.820,-1.839
20.360,3.780,5.352,-1.980
15.980,3.960,5.673,-2.640
23.610,2.800,6.743,-2.408
22.080,3.980,6.776,-2.572
12.090,5.510,-3.647,-0.940
16.090,5.780,-4.185,-1.015
13.810,4.690,-3.823,-0.800
16.160,4.710,-3.808,-0.819
12.250,5.390,-4.992,-0.919
16.710,5.040,-4.306,-0.853
15.850,4.860,-4.185,-0.900
12.350,5.390,-4.999,-0.907
12.370,5.340,-7.539,0.019
13.300,4.710,-8.207,0.102
12.500,4.780,-7.416,0.145
14.500,5.770,-6.340,0.111
13.800,4.080,-6.438,2.012
14.860,4.180,-7.524,0.604
13.180,4.930,-6.092,0.658
17.360,11.330,-3.781,-30.066
22.950,10.850,-4.700,-22.790
21.710,12.290,-4.061,-23.620
20.720,10.780,-4.183,-30.107
18.720,11.860,-4.367,-29.791
17.520,13.870,-3.952,-30.450
19.170,13.690,-4.559,-29.740
20.350,12.410,-3.640,-30.544
20.190,2.960,5.022,-1.927
20.320,2.990,5.105,-1.658
18.280,2.770,5.130,-2.162
16.540,2.890,5.321,-2.213
17.280,2.870,6.342,-1.968
21.880,3.590,6.519,-1.815
21.670,3.410,4.662,-1.410
20.320,3.280,5.612,-1.756
14.870,8.760,-7.447,-30.566
15.290,8.100,-7.640,-26.342
12.700,9.280,-8.289,-30.540
18.890,7.190,-8.660,-27.124
16.650,10.220,-7.227,-28.302
17.680,7.730,-8.433,-27.754
15.300,7.010,-7.448,-26.939
15.520,9.580,-6.126,-25.200
13.140,5.980,-2.728,-0.863
13.130,5.170,-2.572,-0.610
12.930,4.810,-2.797,-0.719
13.870,5.330,-2.912,-0.786
10.870,5.920,-9.331,0.965
9.740,6.460,-9.057,0.928
9.790,4.610,-9.457,0.990
9.850,4.780,-9.548,0.896
8.870,5.740,-7.795,0.856
11.380,5.150,-10.518,0.971
9.570,6.340,-10.230,0.993
9.430,6.270,-8.012,0.738
18.820,12.510,2.572,-12.863
17.440,15.340,1.901,-11.920
24.150,14.770,2.196,-11.518
18.530,11.300,1.958,-10.330
25.840,12.730,1.862,-9.877
21.180,14.810,2.131,-11.992
21.550,13.200,2.277,-11.123
20.570,14.190,2.241,-12.121
16.980,14.570,4.165,-17.872
16.790,10.640,3.101,-15.904
18.090,12.630,4.023,-18.129
14.410,11.320,3.080,-15.852
19.370,12.010,2.975,-16.151
17.930,10.800,3.396,-15.590
17.780,11.050,3.402,-14.723
17.880,9.820,3.467,-17.182
21.720,3.230,3.846,-0.015
27.540,2.890,2.888,-0.017
27.140,3.440,3.889,-0.021
25.860,3.860,3.216,-0.019
28.050,3.780,3.068,0.147
21.230,3.730,3.332,0.112
25.220,3.840,3.567,0.145
21.150,2.760,3.633,0.119
18.270,3.070,-2.214,1.515
18.490,3.180,-2.952,1.427
25.960,3.310,-2.897,1.482
21.930,2.310,-2.398,1.150
22.350,2.900,-2.476,0.656
25.660,2.610,-2.152,0.826
26.300,3.090,-2.201,0.643
19.190,2.980,-2.232,0.776
27.620,3.990,-0.408,-0.554
23.560,3.160,-0.405,-0.412
23.800,3.110,-0.379,-0.506
27.740,3.130,-0.297,-0.528
29.400,3.620,-0.273,-0.402
24.750,2.900,-0.346,-0.541
28.070,3.310,-0.397,-0.532
23.360,3.300,-0.329,-0.415
20.840,2.540,10.269,-5.732
23.740,3.270,9.315,-5.118
22.280,3.500,8.153,-5.484
22.730,2.900,9.370,-4.436
21.800,3.530,9.070,-6.224
23.570,2.560,10.272,-4.309
23.270,2.500,7.754,-4.943
25.030,2.910,8.122,-5.067
27.570,2.880,-1.933,0.050
28.130,3.630,-2.344,0.070
24.090,3.690,-2.320,0.072
27.320,3.790,-1.934,0.070
23.070,3.600,-2.032,0.032
21.240,3.040,-2.103,0.028
21.190,4.100,-2.282,0.025
24.340,3.150,-1.942,0.026
19.640,2.020,0.281,0.066
26.890,2.590,0.297,0.091
20.560,2.230,0.296,0.075
23.510,2.320,0.364,0.076
23.620,2.180,0.150,0.031
21.290,2.840,0.196,0.026
26.720,2.910,0.152,0.027
21.260,2.070,0.188,0.026
27.120,2.500,-5.595,-0.968
25.040,2.590,-3.987,-1.167
27.880,3.160,-5.708,-0.833
26.410,2.870,-4.573,-0.830
23.230,2.510,-5.505,-0.740
21.750,3.180,-4.882,-0.722
21.720,3.160,-5.550,-0.771
19.540,3.000,-4.898,-0.656
18.890,2.650,-2.632,1.736
22.680,2.290,-2.998,1.458
19.330,3.140,-2.491,1.373
24.760,2.800,-2.517,1.639
25.450,2.540,-2.994,1.259
22.600,3.160,-3.057,1.291
23.340,2.370,-2.875,1.659
21.950,2.570,-2.136,1.634
13.990,18.170,1.790,-11.147
13.810,13.290,2.295,-15.481
19.100,13.170,2.084,-12.591
16.550,16.870,1.675,-13.876
14.430,17.880,1.788,-13.779
13.650,13.070,1.879,-13.628
18.710,18.790,2.376,-14.355
13.640,16.280,1.866,-11.865
15.490,13.570,1.853,-17.601
18.490,10.780,1.685,-17.656
21.260,10.910,1.763,-21.595
19.100,10.760,1.667,-20.476
21.450,12.050,2.062,-19.200
16.420,10.660,1.636,-16.701
21.890,12.500,2.003,-19.659
18.450,11.450,1.827,-22.735
21.350,4.080,8.605,-3.857
18.200,4.370,8.650,-4.132
23.580,4.400,8.806,-5.344
17.410,4.620,10.929,-5.384
20.450,3.720,10.899,-4.240
17.520,4.140,9.851,-5.177
21.230,4.740,7.670,-4.239
18.090,4.590,8.282,-5.605
23.830,4.890,2.249,-16.446
25.170,5.320,2.189,-18.528
29.580,5.500,2.365,-15.278
24.440,5.820,2.748,-14.939
23.690,5.230,3.067,-20.869
30.590,5.360,2.656,-15.667
29.710,5.240,2.466,-17.003
27.040,4.870,2.440,-19.359
24.530,7.160,2.609,-20.930
22.480,6.740,2.204,-19.121
22.490,7.810,2.647,-25.597
18.410,6.820,2.407,-18.772
22.700,6.680,2.786,-22.763
20.800,6.440,2.209,-25.945
20.470,6.970,2.440,-20.110
19.850,6.750,2.743,-19.965
20.750,9.710,3.202,-21.466
23.820,9.600,3.055,-27.996
18.300,9.910,3.741,-26.171
16.310,9.330,3.670,-22.225
23.660,10.450,3.048,-22.103
23.770,8.190,2.582,-25.971
23.650,8.170,3.650,-22.741
20.330,8.660,2.814,-25.619
18.370,2.470,5.992,2.835
24.250,2.490,7.346,3.137
22.520,2.790,5.710,3.167
18.730,2.480,7.918,3.272
25.860,2.010,7.629,2.600
18.440,1.940,6.884,2.398
17.790,2.180,7.698,2.807
19.120,2.310,6.168,2.816
20.240,8.800,2.132,-25.018
26.800,10.680,2.145,-19.622
23.670,10.930,2.304,-21.652
28.280,8.650,1.920,-26.641
24.470,11.830,2.285,-26.390
24.940,8.440,1.958,-22.568
28.740,10.020,1.697,-26.048
21.050,10.470,1.824,-23.069
19.500,3.520,6.203,-2.866
22.330,2.620,4.840,-3.186
24.570,3.550,5.154,-2.610
19.860,3.690,4.464,-2.816
20.360,3.230,6.050,-3.225
18.270,3.260,4.788,-2.629
18.900,3.210,5.993,-3.321
24.150,2.910,4.613,-3.433
16.170,9.080,0.488,-19.558
14.800,9.360,0.611,-15.786
20.430,11.370,0.630,-20.139
17.530,10.200,0.474,-22.015
21.530,11.000,0.780,-17.511
20.910,10.670,0.744,-15.953
16.900,9.530,0.811,-17.084
16.110,11.240,0.589,-19.460
24.750,3.270,2.898,0.946
22.180,2.570,2.767,0.898
22.590,2.930,3.401,1.151
21.660,2.820,3.554,1.222
19.160,3.200,3.486,0.982
27.040,3.780,3.118,1.058
26.130,3.460,3.033,1.028
18.330,3.550,3.779,1.084
22.760,3.240,9.953,-3.487
17.730,2.790,10.822,-4.227
23.420,3.290,7.900,-3.841
22.380,2.510,8.130,-3.822
25.120,2.350,7.260,-3.967
24.520,2.340,10.370,-4.005
17.820,2.930,8.810,-3.589
22.250,2.860,10.433,-3.461
24.130,-4.080,0.350,-36.938
30.980,-4.220,0.493,-29.918
22.530,-3.010,0.352,-26.842
21.360,-3.320,0.405,-29.631
31.620,-3.140,0.412,-36.827
29.520,-3.270,0.319,-29.710
26.090,-3.170,0.388,-29.645
24.920,-3.290,0.447,-35.769
21.940,2.660,0.000,0.000
18.880,2.720,0.000,0.000
24.090,2.630,0.000,0.000
18.650,2.300,0.000,0.000
25.460,2.330,-0.000,0.000
25.050,2.650,-0.000,0.000
22.600,2.660,-0.000,0.000
20.580,2.720,-0.000,0.000
24.920,-0.640,1.422,-24.322
30.160,-0.730,1.297,-26.189
27.370,-0.740,1.290,-20.493
21.860,-0.640,1.221,-22.234
21.860,-0.690,1.080,-26.194
29.630,-0.660,1.082,-19.953
22.780,-0.640,0.817,-26.705
29.120,-0.540,1.116,-24.880
29.180,-3.540,5.683,-30.055
24.840,-4.160,5.589,-32.821
32.780,-3.620,4.450,-25.971
29.480,-3.230,5.154,-24.946
28.460,-3.790,3.999,-33.810
30.040,-4.010,4.365,-24.333
30.740,-3.870,3.728,-28.715
25.230,-3.410,4.135,-29.566
23.010,3.980,8.349,2.069
23.640,3.840,9.209,2.420
24.790,3.310,8.526,2.500
28.870,3.360,6.653,2.110
22.410,2.860,8.717,2.426
20.010,3.450,7.210,3.102
19.800,3.690,6.414,2.801
23.630,3.020,7.849,2.302
25.470,2.160,5.934,1.758
19.490,2.920,5.247,1.573
18.940,2.550,5.693,2.231
24.290,2.210,5.157,2.280
20.280,2.530,6.687,1.764
19.970,2.390,7.437,1.983
21.540,2.450,6.217,1.504
23.860,2.290,5.298,2.005
26.110,11.830,2.438,-19.565
25.280,10.260,3.127,-18.698
21.880,13.040,3.110,-18.994
21.010,12.240,3.051,-23.263
20.600,11.520,2.242,-22.133
21.300,10.530,3.138,-15.682
20.450,12.030,2.318,-22.277
22.010,12.280,2.198,-21.989
35.090,-2.920,4.204,-27.687
29.500,-3.910,5.279,-27.777
32.650,-3.280,5.399,-27.529
29.910,-2.910,3.958,-34.140
38.960,-3.420,3.736,-30.700
40.010,-3.280,4.347,-29.247
38.880,-3.390,5.443,-27.648
31.020,-4.010,4.098,-28.403
30.010,-3.880,6.091,-34.288
28.160,-5.460,5.719,-24.315
30.800,-4.340,6.247,-31.811
40.630,-4.780,6.486,-28.017
28.560,-4.930,5.365,-27.657
38.950,-4.950,5.858,-25.492
39.960,-4.560,4.902,-24.083
33.490,-3.880,5.276,-23.599
35.490,-1.800,4.123,-34.057
33.150,-1.920,3.985,-25.374
28.320,-1.340,3.285,-31.826
29.450,-1.770,3.269,-35.459
35.510,-1.780,3.931,-32.967
35.080,-1.770,3.726,-26.625
26.100,-1.810,4.688,-26.712
25.090,-1.550,3.828,-26.972
30.060,-6.540,6.849,-33.598
25.800,-5.850,6.957,-32.250
26.300,-6.110,5.682,-42.859
25.480,-4.900,6.647,-41.210
32.070,-6.210,5.560,-33.192
34.700,-6.290,6.726,-36.130
29.760,-7.210,7.995,-37.214
28.130,-7.080,5.557,-40.254
30.690,-9.010,-0.042,-34.986
22.380,-9.140,-0.046,-35.942
23.570,-9.340,-0.048,-34.876
22.950,-7.830,-0.038,-37.383
25.750,-7.760,0.166,-32.383
27.480,-7.370,0.161,-41.170
26.900,-7.200,0.140,-33.753
24.110,-6.640,0.196,-43.839
33.050,-2.750,3.520,-30.878
24.160,-3.420,4.908,-30.073
30.660,-2.740,3.993,-30.358
32.400,-3.250,5.091,-28.076
31.170,-2.720,5.062,-26.704
27.190,-2.520,5.123,-21.990
27.100,-3.350,3.695,-29.259
24.880,-2.540,3.792,-24.013
23.600,-2.140,10.065,-16.722
31.200,-2.260,12.357,-18.801
27.330,-2.280,12.875,-16.471
25.250,-2.460,10.712,-23.869
28.720,-2.210,9.539,-19.742
31.370,-2.210,10.357,-17.695
22.940,-2.460,12.263,-23.215
22.690,-2.260,10.434,-20.411
24.150,-5.190,0.774,-32.929
23.930,-4.500,0.691,-35.999
24.030,-4.480,0.896,-27.246
32.020,-4.730,0.753,-31.969
27.340,-4.820,0.695,-34.331
24.280,-5.830,0.609,-37.716
26.920,-4.680,0.646,-37.016
25.150,-5.820,0.715,-32.526
22.130,4.230,1.648,-14.917
18.070,3.720,1.395,-12.813
18.600,5.400,1.346,-18.916
18.060,4.990,1.239,-17.993
20.080,3.750,1.731,-15.206
15.160,3.770,1.448,-17.920
18.070,4.330,1.616,-12.741
20.540,5.530,1.384,-15.935
32.000,-11.260,4.997,-22.975
33.360,-9.510,4.339,-31.330
27.730,-7.920,4.465,-32.855
31.950,-9.440,4.114,-32.093
31.010,-8.950,4.553,-24.048
31.090,-11.200,3.983,-29.101
24.040,-8.550,4.528,-30.094
27.070,-7.870,4.194,-22.510
26.300,2.640,-0.000,-0.000
19.120,2.240,-0.000,-0.000
21.300,2.010,-0.000,-0.000
21.020,1.970,-0.000,-0.000
22.010,2.670,-0.000,-0.000
20.700,2.100,-0.000,-0.000
23.640,1.930,-0.000,-0.000
23.590,2.080,-0.000,-0.000
24.930,2.560,-2.454,-0.581
21.420,3.060,-2.547,-0.626
25.570,2.550,-2.919,-0.557
26.570,3.650,-2.161,-0.470
26.560,2.550,-2.357,-0.329
23.500,3.430,-2.677,-0.387
25.330,3.090,-3.011,-0.437
18.000,2.630,-2.399,-0.359
25.890,2.170,0.000,0.000
24.670,2.080,0.000,0.000
25.180,2.740,0.000,0.000
19.500,2.820,0.000,0.000
24.220,2.430,-0.199,0.079
22.640,2.980,-0.191,0.092
19.010,2.110,-0.196,0.105
27.180,2.380,-0.183,0.095
25.870,-4.380,5.593,-16.173
32.560,-3.340,4.431,-19.001
29.670,-3.290,5.307,-18.650
24.480,-3.010,6.271,-17.174
25.140,-4.180,5.588,-13.578
28.040,-4.120,5.476,-16.885
29.770,-3.870,5.815,-18.846
33.340,-3.000,5.997,-13.714
25.570,3.430,4.059,1.693
22.420,3.520,4.182,1.381
24.090,2.890,3.668,1.608
26.140,3.740,3.600,1.474
20.120,3.100,3.239,1.788
19.920,3.080,3.541,1.286
20.740,3.520,3.455,1.862
20.980,3.770,3.778,1.684
23.470,2.950,-2.497,-0.909
23.680,3.420,-2.356,-1.080
23.660,3.230,-2.384,-0.795
18.050,2.810,-2.034,-1.031
21.050,2.700,-2.147,-0.991
22.200,2.640,-1.866,-1.100
25.190,3.020,-1.856,-0.994
19.290,2.570,-2.305,-1.070
31.490,1.560,9.969,-9.193
26.760,1.100,10.378,-8.398
27.210,1.230,9.244,-9.382
29.360,1.230,9.831,-9.401
30.570,1.300,7.819,-9.153
25.860,1.580,9.132,-7.972
27.290,1.160,8.133,-8.316
26.680,1.500,10.521,-8.150
14.890,12.610,1.181,-13.253
19.040,11.970,0.998,-14.432
14.730,10.840,1.140,-11.169
17.350,11.980,1.011,-14.993
14.940,14.870,1.194,-15.907
16.830,12.130,1.595,-15.839
18.430,11.910,1.443,-11.595
15.330,12.910,1.443,-16.840
19.300,4.500,5.548,-1.746
15.580,4.680,6.137,-2.230
15.840,3.660,5.192,-1.797
18.810,4.150,7.116,-2.102
19.210,4.030,5.781,-1.980
18.480,4.490,6.180,-2.511
20.240,4.620,6.900,-2.769
16.090,4.800,6.661,-1.921
22.430,3.540,-2.767,2.247
20.230,2.780,-2.886,2.789
24.460,2.930,-3.237,1.863
28.150,3.460,-3.244,2.669
20.780,3.900,-3.166,2.136
21.350,3.900,-3.310,1.998
22.370,3.410,-2.892,2.363
25.630,3.940,-3.385,2.074
18.460,2.690,7.583,-7.336
22.830,3.540,7.532,-5.595
20.710,3.060,9.975,-6.537
16.980,3.710,9.310,-6.323
16.980,3.270,8.113,-6.214
17.400,3.320,7.858,-8.085
18.980,3.280,7.864,-6.665
21.360,3.320,7.177,-6.079
17.900,2.820,-5.351,-0.298
22.030,3.010,-6.986,-0.279
26.180,2.270,-5.824,-0.282
18.920,2.050,-6.076,-0.276
25.500,2.850,-8.307,-0.216
24.910,2.520,-6.079,-0.217
18.560,2.970,-6.497,-0.208
23.850,2.040,-6.497,-0.210
23.560,2.460,0.046,0.017
26.760,2.780,0.038,0.020
20.910,2.940,0.034,0.017
20.680,2.980,0.036,0.015
23.840,2.150,0.015,0.008
19.600,2.070,0.017,0.008
23.350,2.100,0.015,0.007
25.230,2.040,0.019,0.008
25.730,2.660,-3.599,-1.545
21.630,2.620,-3.052,-1.661
21.040,2.130,-4.006,-1.530
23.430,2.190,-3.819,-1.633
19.150,2.170,-4.099,-1.682
23.930,2.040,-3.353,-1.468
19.930,2.130,-3.738,-1.743
23.250,2.110,-4.161,-2.076
23.890,3.660,0.912,-16.602
22.650,4.820,0.706,-18.344
22.190,4.930,0.721,-15.962
25.420,3.510,0.818,-18.798
25.170,3.520,0.803,-21.478
28.490,3.370,0.832,-22.044
19.770,4.820,0.826,-18.390
21.100,4.780,0.699,-21.946
26.590,2.180,1.064,1.103
19.140,1.990,0.984,0.883
26.590,2.970,0.906,0.760
23.820,2.100,0.994,0.889
19.490,2.050,0.574,0.436
25.080,2.390,0.499,0.484
24.850,2.450,0.443,0.390
21.280,2.230,0.495,0.434
16.820,14.750,-1.436,-8.906
14.600,16.080,-1.407,-7.174
14.260,16.120,-1.336,-7.100
12.230,12.350,-1.228,-7.978
17.780,15.800,-1.899,-6.609
14.250,15.220,-1.768,-6.896
12.090,13.460,-1.651,-8.586
17.460,13.340,-1.486,-8.632
21.340,8.800,-2.354,-12.434
22.920,8.520,-2.395,-12.696
22.240,11.890,-2.358,-15.057
20.160,10.220,-2.306,-12.799
20.450,11.620,-2.218,-13.312
19.540,10.970,-2.040,-15.733
22.630,11.660,-2.165,-14.469
17.420,11.590,-1.973,-11.870
21.600,2.800,-9.672,-1.368
21.010,2.610,-8.776,-1.487
23.150,2.590,-11.758,-1.458
20.700,3.210,-8.669,-1.078
26.290,3.250,-8.536,2.453
22.740,2.900,-8.620,2.859
20.760,3.820,-8.863,2.650
18.740,2.790,-8.972,2.508
22.080,-1.650,1.669,-17.795
25.940,-1.820,1.743,-13.924
21.470,-1.380,2.188,-12.118
28.280,-1.560,1.673,-12.148
20.900,-1.380,2.324,-14.604
24.420,-1.440,2.060,-18.351
28.380,-1.840,2.552,-17.866
30.790,-1.590,2.318,-17.061
29.820,-1.780,2.697,-21.561
27.320,-1.670,1.896,-17.518
25.130,-1.610,2.310,-23.345
28.390,-1.530,2.140,-22.508
20.940,-1.940,1.915,-21.045
25.690,-1.820,2.446,-20.156
23.690,-1.790,2.162,-18.584
30.750,-1.920,2.493,-22.365
20.190,3.310,-4.645,2.580
19.490,2.580,-3.279,3.072
22.560,3.210,-4.339,2.951
26.380,2.640,-4.091,2.789
25.350,3.430,-3.005,2.421
18.770,3.190,-2.807,2.794
22.360,2.820,-3.330,2.943
24.770,3.110,-3.739,2.776
25.890,3.000,-13.397,-3.238
22.470,2.150,-12.341,-3.776
26.690,2.500,-12.790,-3.923
25.130,2.520,-13.028,-3.425
22.380,3.110,-12.762,-4.914
19.140,2.190,-10.889,-4.384
23.320,2.210,-11.604,-5.299
19.320,2.740,-15.100,-5.115
20.210,2.180,0.000,0.000
21.560,2.050,0.000,0.000
23.370,2.700,0.000,0.000
22.860,2.240,0.000,0.000
23.250,2.570,0.000,0.000
26.420,2.440,0.000,0.000
19.540,2.080,0.000,0.000
27.540,2.230,0.000,0.000
28.440,1.590,-4.650,-21.596
25.750,1.810,-4.523,-19.333
25.710,1.740,-4.834,-25.434
26.970,2.100,-4.233,-25.312
23.470,1.570,-5.301,-25.500
23.120,1.870,-5.251,-20.155
28.950,1.780,-5.340,-20.734
28.060,2.050,-5.821,-23.185
21.800,2.660,4.443,2.453
23.130,2.800,5.313,1.744
24.430,2.360,4.349,2.208
26.130,2.060,4.243,1.935
18.540,2.030,4.732,1.558
24.550,2.880,4.314,1.938
20.740,2.080,4.016,1.747
24.420,2.020,4.723,1.945
18.390,10.320,-2.469,-12.499
14.040,14.110,-3.118,-13.004
20.510,10.470,-2.921,-13.757
20.630,11.980,-2.810,-12.131
15.320,11.030,-2.216,-13.332
19.570,14.290,-2.298,-13.789
15.310,10.650,-2.640,-13.998
19.610,14.170,-2.438,-15.058
19.000,2.820,4.546,-1.074
25.660,3.670,4.879,-1.400
20.510,3.440,5.221,-1.145
17.350,2.680,4.932,-1.414
20.290,3.240,4.678,-1.221
21.550,2.590,4.210,-1.219
17.260,3.290,5.581,-1.339
22.850,3.230,3.944,-0.973
15.000,5.180,3.821,-4.675
13.770,3.980,3.920,-4.608
15.990,4.110,5.609,-4.802
14.810,5.460,5.348,-3.593
20.260,5.900,4.051,-4.384
14.400,4.890,5.129,-5.008
14.620,4.210,5.228,-3.366
19.810,4.440,3.968,-3.979
21.020,2.910,-4.196,-1.794
21.480,2.440,-4.959,-2.071
19.910,2.760,-3.875,-2.083
22.170,2.650,-3.737,-2.137
24.400,2.880,-5.292,-2.325
26.700,3.460,-5.357,-1.926
23.860,2.780,-5.220,-1.901
27.420,3.460,-4.981,-2.045
21.800,3.470,-0.529,-0.250
25.360,3.490,-0.555,-0.217
24.250,3.620,-0.435,-0.272
26.700,3.180,-0.561,-0.253
22.890,3.580,-0.557,-0.227
29.090,3.370,-0.537,-0.254
26.580,3.620,-0.519,-0.255
20.550,4.010,-0.461,-0.226
16.740,4.250,9.253,-1.240
15.790,3.940,8.459,-1.130
18.800,4.390,10.905,-1.173
22.930,3.340,9.355,-1.231
23.380,3.310,9.567,-1.096
19.820,3.720,8.796,-0.959
16.390,3.750,10.871,-0.913
17.190,4.150,9.482,-1.146
22.780,5.460,0.507,-21.045
20.060,6.010,0.446,-23.913
26.740,4.990,0.434,-22.525
25.430,6.520,0.444,-24.013
21.550,6.120,0.147,-21.607
28.050,5.180,0.138,-22.849
19.690,6.470,0.166,-23.282
28.130,4.650,0.178,-26.543
21.620,2.540,2.990,-0.540
18.330,2.210,3.057,-0.475
24.730,2.960,3.482,-0.434
22.280,2.200,3.322,-0.439
24.220,2.470,2.551,-0.377
20.400,2.390,2.484,-0.505
27.190,2.240,2.539,-0.404
18.990,2.560,3.199,-0.484
22.090,2.730,-0.420,0.338
24.840,2.090,-0.328,0.378
22.270,2.350,-0.335,0.383
24.400,2.890,-0.371,0.396
22.980,2.480,-0.628,0.471
26.260,2.070,-0.738,0.522
26.550,2.030,-0.581,0.384
19.620,2.600,-0.786,0.449
15.960,17.840,-8.627,-9.964
16.840,16.450,-6.638,-9.379
15.810,14.570,-7.882,-11.176
15.260,16.770,-7.363,-9.472
15.030,16.350,-7.996,-11.326
12.310,14.650,-8.792,-10.079
15.300,17.260,-7.165,-11.660
15.600,16.350,-6.460,-8.621
12.540,11.080,-11.203,-18.277
10.940,13.690,-10.292,-23.793
14.410,9.860,-10.466,-22.177
14.760,11.490,-9.968,-18.399
13.540,13.440,-12.068,-22.350
12.660,12.990,-10.913,-23.438
12.970,13.570,-12.181,-19.648
12.080,12.270,-9.641,-20.417
6.300,4.820,-13.475,1.015
8.790,4.350,-12.110,1.080
7.990,6.020,-12.003,1.149
7.610,4.410,-11.463,1.152
5.910,4.910,-10.660,1.187
7.500,5.440,-12.396,0.935
6.970,5.630,-10.018,1.336
6.120,4.590,-12.649,1.322
5.020,5.030,-14.023,2.081
8.880,5.570,-13.534,1.439
10.320,5.810,-14.300,1.330
9.460,5.470,-14.240,1.411
9.070,6.490,-12.406,1.394
8.830,5.860,-13.687,1.806
10.960,5.470,-14.481,2.116
7.950,5.920,-14.115,2.180
10.510,5.200,-14.512,1.622
11.590,4.120,-12.696,-0.536
8.770,3.980,-14.650,-0.615
12.110,4.420,-12.917,-0.624
8.550,4.770,-12.702,-0.571
9.640,5.340,-12.962,-0.630
11.720,5.150,-12.042,-0.529
11.600,3.910,-12.653,-0.517
11.150,4.270,-10.063,-0.633
9.190,4.200,-13.488,0.209
9.220,4.210,-12.563,0.199
9.610,3.770,-14.648,0.186
7.330,4.170,-13.450,0.234
9.460,4.050,-11.232,0.768
7.680,4.620,-12.403,0.882
6.640,4.080,-12.504,0.640
7.510,4.390,-15.476,0.800
6.050,4.490,-11.331,1.733
7.730,5.950,-8.052,2.420
7.980,5.650,-9.413,2.112
7.410,4.600,-8.853,2.311
6.280,5.630,-8.830,2.641
8.160,5.730,-10.995,2.274
7.860,5.210,-9.643,2.757
6.900,4.440,-10.514,2.559
7.180,4.350,-13.190,1.849
7.380,5.790,-10.354,1.764
7.400,5.910,-12.594,2.152
6.800,4.530,-10.383,1.995
6.140,5.630,-13.665,2.384
6.910,5.960,-11.056,1.615
6.590,5.260,-12.064,2.020
5.450,4.280,-9.778,1.964
6.850,6.090,-9.016,3.203
6.890,4.730,-11.703,3.059
8.510,5.850,-9.374,3.228
9.040,5.140,-10.485,3.104
8.480,4.280,-10.031,3.158
7.030,5.280,-9.334,3.710
7.890,6.170,-8.771,3.385
7.740,5.190,-9.901,3.601
18.160,14.770,-7.387,-12.158
18.290,16.520,-6.635,-12.107
16.730,14.530,-7.520,-9.661
13.400,12.490,-7.395,-12.388
18.050,13.660,-7.807,-12.831
13.910,15.590,-7.329,-13.333
13.180,12.970,-6.868,-13.341
17.680,13.140,-5.791,-9.568
13.810,6.900,-12.993,-22.593
14.900,4.970,-14.901,-21.650
14.640,5.620,-14.628,-22.072
12.740,3.960,-2.953,0.000
13.590,4.280,-4.224,0.000
11.150,4.170,-2.911,0.000
11.580,5.670,-3.908,-0.000
12.790,4.290,-3.536,-0.000
12.820,5.810,-3.547,-0.000
11.400,4.070,-4.197,-0.000
14.130,5.300,-7.690,-19.158
14.090,5.530,-6.835,-23.799
13.230,5.340,-9.484,-23.578
13.020,4.930,-7.482,-30.577
13.630,4.830,-9.241,-27.620
10.970,5.220,-8.495,-29.226
11.740,5.930,-9.011,-28.344
12.900,6.890,-7.984,-32.078
12.350,5.250,-6.977,-26.466
11.830,6.780,-8.226,-21.574
11.010,6.730,-7.633,-28.036
10.280,5.290,-11.070,1.240
11.930,4.210,-11.617,1.091
10.160,4.800,-9.552,1.124
9.070,4.630,-11.617,0.986
10.770,5.770,-11.147,1.265
9.890,5.450,-11.294,1.263
8.890,4.040,-9.527,1.176
11.040,4.720,-12.512,1.350
13.730,5.760,-6.952,-19.483
13.940,6.020,-7.783,-20.100
15.220,5.010,-5.157,-23.551
15.090,6.220,-4.599,-26.534
16.410,6.880,-4.820,-26.272
17.370,7.060,-4.601,-26.298
14.210,5.860,-5.203,-21.122
12.960,5.150,-4.611,-21.419
15.100,5.920,-3.985,-24.735
18.100,5.740,-4.040,-25.866
13.130,5.600,-11.555,-15.946
13.550,7.650,-10.960,-15.228
13.530,6.290,-12.636,-19.527
11.690,7.030,-9.739,-14.270
15.410,6.940,-12.440,-17.495
15.420,7.380,-10.735,-15.431
12.740,7.900,-13.606,-13.349
14.160,5.830,-12.619,-17.280
9.080,5.100,-11.856,0.471
9.860,3.840,-9.519,0.452
8.480,5.490,-10.059,0.552
7.380,4.070,-12.037,0.585
10.320,4.660,-10.483,0.461
7.540,5.020,-11.128,0.544
9.280,5.010,-10.649,0.428
8.860,4.190,-9.097,0.419
10.970,5.200,-11.098,-0.001
11.460,4.740,-12.474,-0.002
9.120,5.690,-10.138,-0.001
10.000,5.740,-12.430,-0.001
11.990,5.040,-10.704,-0.002
10.530,4.510,-12.126,-0.002
8.170,4.600,-12.786,-0.002
10.490,4.080,-13.379,-0.002
13.600,3.960,-7.389,0.595
11.710,4.620,-8.637,0.703
11.580,5.710,-8.438,0.699
11.300,5.850,-8.072,0.633
11.000,4.890,-7.692,0.725
11.730,5.500,-7.472,0.728
13.890,4.480,-7.214,0.653
10.570,5.840,-7.023,0.673
7.040,4.860,-11.871,0.770
6.180,4.390,-10.634,0.785
7.130,4.520,-12.875,0.737
5.770,5.920,-13.083,0.595
5.700,5.990,-9.005,0.544
6.720,6.100,-10.220,0.570
7.130,4.080,-10.440,0.694
7.930,5.690,-12.446,0.668
14.030,10.240,-8.929,-16.233
15.130,10.970,-8.872,-17.562
15.430,12.510,-8.268,-18.556
15.930,9.610,-6.547,-19.447
11.340,10.820,-8.918,-17.675
11.160,10.910,-6.889,-16.052
14.280,12.940,-9.450,-17.881
11.690,12.960,-9.596,-15.908
11.340,4.320,-11.008,0.166
9.720,4.530,-7.788,0.140
10.620,4.190,-11.151,0.160
10.780,5.610,-10.327,0.146
10.350,5.330,-10.001,0.137
12.180,4.890,-10.393,0.139
9.000,3.920,-10.020,0.131
11.830,4.020,-11.207,0.183
13.900,5.320,-5.715,0.005
13.840,4.320,-4.766,0.004
12.770,5.050,-4.540,0.005
13.290,4.560,-4.712,0.000
14.710,5.460,-4.336,0.000
11.450,6.080,-4.169,0.000
12.280,4.310,-6.633,0.177
13.770,4.720,-5.960,0.227
13.460,5.410,-4.475,0.266
14.600,5.430,-6.432,0.229
13.640,4.460,-5.518,0.228
14.680,5.560,-6.182,0.186
10.080,5.090,-6.116,0.253
10.400,5.780,-7.744,0.185
10.080,5.650,-7.148,0.194
7.370,5.610,-7.441,0.229
7.670,4.470,-6.169,0.231
10.050,4.110,-7.021,0.230
7.720,4.030,-7.568,0.200
10.500,5.840,-7.634,0.254
8.100,4.430,-8.324,-0.402
10.390,5.520,-7.529,-0.424
7.050,4.900,-8.263,-0.408
9.260,5.370,-6.852,-0.544
9.310,5.530,-8.670,0.235
9.490,4.820,-6.556,0.243
10.110,5.060,-6.632,0.257
7.870,5.340,-8.731,0.226
6.040,6.270,-10.567,3.829
8.080,4.940,-9.410,3.229
7.550,5.370,-8.639,2.892
6.900,4.510,-8.999,2.933
7.920,4.840,-7.893,2.718
8.250,5.680,-10.432,3.812
6.280,5.880,-9.297,2.790
7.710,6.450,-9.648,3.595
8.800,7.750,-12.512,-22.426
10.790,8.490,-9.480,-18.551
7.910,7.220,-9.358,-19.865
10.670,10.600,-9.154,-20.017
7.940,10.560,-9.315,-15.489
10.340,8.080,-12.270,-18.865
8.580,10.220,-11.868,-22.477
10.970,10.410,-9.711,-19.922
5.640,4.580,-11.431,0.089
6.690,6.120,-11.526,0.064
5.540,4.590,-9.002,0.084
5.630,4.970,-8.841,0.088
5.850,5.350,-12.714,0.026
5.750,5.890,-9.123,0.026
5.470,4.220,-12.903,0.029
5.170,5.250,-12.939,0.021
5.450,4.620,-11.518,1.379
5.820,5.250,-11.475,1.539
6.560,6.210,-12.565,1.690
5.410,5.350,-13.708,1.320
5.180,4.600,-13.802,1.848
5.160,4.490,-11.930,1.780
6.220,6.180,-10.122,1.830
5.340,4.010,-7.984,1.111
7.120,5.270,-7.256,1.006
6.330,5.450,-9.444,0.868
7.430,4.440,-8.816,0.880
7.100,4.940,-7.609,1.203
6.590,5.610,-8.532,1.233
7.670,4.900,-7.972,1.247
6.070,4.270,-7.211,1.034
12.000,10.210,-10.415,-14.725
14.180,10.810,-9.889,-18.365
10.620,12.150,-11.442,-20.875
14.440,10.570,-10.038,-18.276
12.070,10.080,-11.758,-17.562
12.570,11.020,-10.596,-18.783
12.870,12.470,-11.444,-20.980
12.940,9.270,-11.184,-18.465
8.090,4.470,-13.002,0.908
7.390,6.240,-9.810,0.988
7.430,4.610,-12.858,0.881
6.430,4.560,-11.184,1.091
7.820,6.170,-10.988,1.102
5.950,5.930,-9.509,1.078
6.800,6.500,-9.738,1.007
7.320,6.080,-12.352,1.264
12.680,7.140,-7.655,-11.424
5.730,5.920,-8.132,1.746
5.240,5.480,-9.074,1.806
5.610,6.410,-8.133,2.263
5.760,5.690,-10.519,2.323
5.190,6.420,-9.434,2.075
6.000,6.410,-9.498,2.702
6.060,5.830,-9.829,2.568
7.730,6.230,-12.143,1.513
6.180,6.470,-13.517,1.130
5.940,5.580,-12.086,1.102
6.440,4.390,-11.205,1.238
7.820,4.710,-12.457,1.218
7.750,5.410,-13.160,1.449
6.430,5.160,-9.238,1.223
5.770,4.610,-10.436,1.277
8.200,4.780,-13.496,0.424
7.100,4.090,-10.596,0.439
8.880,5.160,-13.352,0.388
9.210,5.430,-11.045,0.427
7.730,4.540,-10.439,0.341
9.230,4.720,-12.985,0.386
7.270,4.240,-11.114,0.314
8.330,5.670,-10.069,0.328
10.470,4.040,-10.854,0.355
9.040,5.200,-8.929,0.305
8.820,4.690,-11.282,0.287
9.240,3.940,-9.905,0.371
9.590,4.290,-9.889,0.294
7.510,5.310,-10.568,0.357
7.550,4.990,-11.600,0.337
9.610,5.840,-8.137,0.296
14.650,11.080,-6.452,-24.544
13.710,12.070,-6.596,-18.522
16.340,9.450,-6.895,-22.434
13.670,9.990,-8.188,-19.145
13.110,8.540,-6.112,-19.714
15.510,9.100,-6.656,-20.976
14.300,9.920,-8.319,-17.379
14.280,10.610,-8.503,-20.885
13.490,5.030,-2.766,0.002
13.120,4.980,-2.668,0.002
13.890,5.410,-2.924,0.002
12.190,4.700,-1.952,0.004
14.960,5.300,-2.034,0.004
14.770,4.330,-5.151,0.898
13.380,5.170,-3.804,0.915
12.820,4.850,-4.989,0.845
13.950,4.360,-5.582,1.137
10.750,4.420,-4.064,0.989
10.670,4.840,-4.062,0.981
12.240,5.100,-3.966,1.008
13.650,4.290,-6.185,0.400
14.910,4.530,-6.715,0.416
12.380,5.230,-4.901,0.078
11.470,4.390,-6.022,0.081
11.730,4.390,-5.578,0.064
13.380,3.730,-4.991,0.067
9.300,5.860,-8.375,-0.532
8.250,5.070,-8.433,-0.654
8.500,4.780,-10.574,-0.577
10.290,5.700,-10.568,-0.590
11.150,4.980,-7.687,-0.444
8.920,5.980,-10.117,-0.431
11.440,5.000,-7.706,-0.468
8.580,4.450,-10.456,-0.597
14.420,3.920,2.131,-0.770
13.410,5.170,-8.860,1.379
13.100,4.980,-9.141,1.331
13.540,4.780,-9.550,1.152
11.800,5.690,-8.935,1.169
11.300,4.430,-10.006,1.370
13.220,6.020,-9.809,1.249
9.650,5.620,-10.328,1.027
13.270,5.040,-8.947,1.115
14.180,4.630,-7.427,0.158
13.260,5.550,-6.213,0.200
11.330,3.850,-7.218,0.212
11.920,5.280,-5.274,0.007
14.200,3.810,-5.501,0.007
14.100,4.260,-6.790,0.006
15.250,7.430,-4.757,-17.923
12.080,7.310,-5.064,-18.602
14.770,9.540,-4.106,-18.428
14.860,8.050,-4.620,-13.761
10.670,7.240,-4.557,-14.132
14.920,9.350,-5.295,-18.104
13.090,7.300,-4.973,-17.870
12.300,7.330,-3.852,-14.693
18.850,5.250,-0.409,0.540
16.180,6.430,-0.446,0.582
14.880,5.670,-0.463,0.662
20.480,5.390,-0.415,0.572
17.650,4.540,-0.912,0.682
16.810,5.140,-0.949,0.822
20.620,6.490,-0.766,0.860
16.400,5.590,-1.007,0.736
10.830,5.380,-11.896,-0.467
9.410,5.750,-12.281,-0.474
9.160,5.760,-10.744,-0.364
7.400,4.980,-11.995,-0.360
9.230,5.660,-10.379,-0.409
7.970,5.330,-10.521,-0.530
9.250,5.540,-8.660,-0.375
9.420,5.270,-10.819,-0.470
16.830,5.410,-0.679,0.133
16.790,4.360,-0.634,0.131
19.440,5.200,-0.560,0.104
15.170,4.160,-0.645,0.120
15.380,4.050,-0.588,0.133
16.730,5.170,-0.614,0.116
19.320,5.600,-0.775,0.148
18.350,5.110,-0.677,0.134
16.070,5.080,-4.842,0.066
14.870,4.490,-4.418,0.065
14.170,4.320,-5.537,0.053
17.060,4.200,-4.532,0.056
17.720,4.920,-5.792,0.057
16.600,4.630,-5.439,0.071
13.090,4.330,-5.021,0.073
15.110,5.370,-5.591,0.055
13.340,5.250,-7.400,-0.070
12.590,5.810,-5.502,-0.070
14.600,4.630,-5.559,-0.072
12.920,3.930,-7.583,-0.163
14.930,5.130,-7.488,-0.161
14.900,4.240,-0.634,0.359
13.840,3.910,-12.364,0.250
12.790,4.670,-10.125,0.240
13.700,5.610,-10.369,0.386
14.530,4.590,-9.757,-0.371
12.620,4.930,-10.832,-0.279
13.590,6.050,-7.005,-0.121
12.460,5.670,-9.876,-0.090
14.850,6.260,-7.642,-0.096
13.140,4.300,-6.018,-0.043
13.900,5.100,-4.405,-0.055
15.110,4.720,-5.686,-0.053
16.160,4.320,-5.743,-0.055
16.060,4.530,-5.216,0.114
12.920,4.280,-5.141,0.097
14.070,5.460,-5.203,0.084
14.090,4.830,-4.524,0.097
14.680,5.410,-5.813,0.174
13.890,4.680,-6.044,0.159
12.210,4.150,-6.164,0.155
13.130,5.670,-5.486,0.237
14.340,5.480,-5.043,0.213
14.980,3.950,-0.114,0.095
13.390,4.190,-3.969,-0.954
15.020,4.810,-1.296,-0.058
16.240,4.200,-1.814,-0.069
12.490,5.050,-1.664,-0.065
15.410,5.500,-1.836,-0.062
14.170,5.380,-0.941,-0.087
15.240,4.300,-0.955,-0.110
15.270,4.350,-1.144,-0.096
16.020,4.670,-1.070,-0.112
14.880,5.220,1.865,-0.578
11.920,4.760,-2.046,0.000
10.570,4.210,-2.691,0.000
12.240,5.320,-2.800,0.000
11.500,5.730,-2.900,0.000
14.770,4.710,-2.214,0.000
12.130,5.040,-2.235,0.000
14.110,4.940,-2.113,0.000
13.560,5.060,-2.922,0.000
16.560,10.680,-3.267,-22.975
18.770,10.650,-2.815,-17.374
18.350,11.490,-2.747,-23.244
18.330,10.350,-2.375,-20.964
22.920,12.160,-2.472,-18.865
17.910,10.350,-2.832,-21.220
20.790,11.660,-2.368,-23.052
22.860,9.880,-2.357,-21.818
19.200,3.160,5.637,2.239
19.580,2.770,5.147,1.796
18.610,2.740,7.094,1.774
23.080,2.790,6.642,1.691
25.120,2.320,6.453,2.220
21.500,2.800,6.173,2.060
25.130,3.110,6.768,1.564
26.850,3.200,7.191,2.171
24.280,2.630,-2.963,1.349
20.390,2.580,-2.691,0.953
21.640,2.670,-2.957,1.092
18.450,2.710,-2.619,1.391
20.650,2.620,-2.086,0.754
23.930,2.990,-2.829,1.080
22.600,2.970,-2.164,0.958
22.510,2.730,-2.087,1.049
27.810,2.870,2.371,0.876
26.540,3.060,2.501,1.092
27.010,3.040,2.575,1.210
27.510,2.670,2.510,1.005
25.530,2.880,2.179,0.920
20.100,3.110,1.938,0.795
25.460,2.210,1.997,0.702
18.770,2.200,2.233,0.835
23.890,2.480,0.377,0.000
24.150,2.680,0.517,0.000
19.690,2.910,0.402,0.000
22.490,2.470,0.367,0.000
22.010,3.050,0.510,0.000
21.010,2.230,0.468,0.000
26.840,2.410,0.533,0.000
18.840,2.930,0.401,0.000
29.700,0.110,-5.131,-26.368
30.870,0.100,-4.674,-20.897
25.520,0.100,-4.995,-20.800
21.820,0.110,-3.449,-25.157
26.920,0.060,-4.332,-22.005
30.480,0.050,-3.532,-21.867
25.420,0.060,-3.997,-28.243
25.320,0.050,-4.902,-21.242
18.960,2.070,0.000,-0.000
18.750,2.610,0.000,-0.000
20.060,2.540,0.000,-0.000
20.650,2.700,0.000,-0.000
27.040,2.710,-0.000,0.000
18.970,2.530,-0.000,0.000
25.780,2.260,-0.000,0.000
24.990,2.530,-0.000,0.000
21.540,2.990,-11.117,3.366
24.030,3.540,-8.412,3.372
24.270,2.840,-11.115,3.690
19.930,3.630,-8.725,3.268
19.230,3.560,-7.775,4.704
18.150,3.350,-10.654,3.352
18.090,2.860,-10.922,3.981
22.690,3.340,-10.668,4.485
14.670,5.240,-10.793,0.118
13.210,4.330,-9.127,-1.714
14.490,6.020,-7.657,-1.376
13.710,4.690,-10.346,-1.517
13.430,6.260,-8.310,-1.482
14.540,5.890,-7.044,1.647
23.670,-5.630,-1.162,-30.310
28.300,-6.720,-1.091,-30.528
29.330,-6.360,-1.172,-34.351
22.780,-6.250,-0.904,-38.826
25.720,-7.060,-0.576,-30.782
27.520,-5.640,-0.533,-29.945
32.320,-5.450,-0.513,-38.466
26.110,-7.020,-0.475,-28.364
21.270,3.880,3.955,-2.038
23.610,3.260,4.003,-1.582
21.190,3.590,3.627,-1.706
23.520,3.770,3.425,-1.669
23.340,3.260,4.135,-2.060
16.930,2.870,3.934,-1.960
20.890,2.910,4.749,-1.743
16.730,3.340,3.992,-1.648
29.560,-0.670,9.105,-6.400
27.320,-0.690,8.074,-6.720
25.190,-0.580,7.053,-7.733
23.560,-0.480,6.830,-7.128
31.730,-0.540,8.668,-6.671
30.510,-0.540,8.199,-6.920
23.510,-0.480,7.912,-6.850
28.520,-0.500,8.064,-6.368
34.780,0.160,3.579,-7.702
37.040,0.160,2.970,-7.761
31.230,0.140,3.655,-7.571
32.090,0.160,3.124,-7.791
26.280,0.110,3.512,-7.577
37.680,0.110,3.371,-7.117
37.190,0.120,3.586,-8.726
30.890,0.120,3.597,-6.744
30.860,0.770,2.958,-8.764
29.170,0.650,2.724,-7.667
26.820,0.560,3.015,-9.996
33.850,0.590,2.925,-8.840
23.980,0.700,2.992,-6.650
27.910,0.640,3.051,-9.112
31.900,0.690,2.483,-7.959
29.970,0.750,2.652,-7.155
34.760,1.670,4.474,-6.959
32.040,1.800,5.149,-7.052
32.840,1.490,4.629,-6.979
38.880,1.760,3.906,-6.417
32.890,1.460,5.518,-5.998
32.680,1.740,4.738,-5.801
30.680,2.040,4.973,-6.166
38.490,1.580,5.113,-7.115
27.060,0.530,4.110,-9.146
33.740,0.570,3.955,-7.875
34.750,0.530,3.355,-7.629
34.800,0.500,3.138,-7.457
38.020,0.420,3.203,-6.718
31.360,0.560,4.045,-8.660
30.070,0.380,3.668,-8.220
28.400,0.490,4.562,-7.867
25.830,2.670,-0.283,0.045
26.440,2.060,-0.231,0.049
20.620,2.290,-0.222,0.053
21.000,2.650,-0.329,0.064
18.940,2.290,-0.351,0.057
21.200,2.370,-0.303,0.059
27.220,2.050,-0.280,0.052
24.680,3.030,-0.242,0.051
34.270,0.320,6.980,-7.496
26.800,0.430,7.578,-7.397
25.030,0.360,8.312,-7.689
29.250,0.370,6.894,-7.162
29.330,0.380,5.783,-9.945
25.250,0.340,6.093,-6.942
27.580,0.310,8.042,-8.635
29.220,0.360,7.466,-7.827
23.700,2.930,-0.262,-0.119
19.110,2.920,-0.324,-0.114
26.930,2.570,-0.329,-0.130
26.260,2.150,-0.290,-0.102
27.420,2.640,-0.355,-0.164
20.590,1.990,-0.366,-0.161
27.910,2.160,-0.385,-0.131
19.730,2.390,-0.357,-0.142
17.290,4.360,-1.549,-0.013
15.040,4.730,-1.648,-0.011
19.540,5.240,-1.452,-0.012
15.830,5.040,-1.334,-0.015
15.530,5.760,-1.197,-0.036
19.710,4.950,-0.975,-0.048
18.820,5.490,-1.000,-0.042
15.220,4.000,-1.366,-0.040
19.790,4.120,-0.288,0.026
20.920,3.630,-0.251,0.027
16.720,3.470,-0.328,0.028
22.390,3.380,-0.249,0.022
17.510,3.550,-0.360,-0.041
19.480,3.180,-0.462,-0.057
18.480,3.780,-0.462,-0.056
16.840,3.370,-0.365,-0.043
16.960,4.710,3.745,-2.289
19.360,5.160,3.603,-2.102
20.610,4.420,4.174,-2.516
18.080,5.260,4.006,-2.056
16.370,3.900,5.489,-2.535
20.370,3.930,3.859,-2.763
18.940,3.940,4.148,-2.750
23.210,4.260,3.851,-2.255
19.590,5.270,-3.000,-5.817
20.370,3.760,-3.246,-5.259
26.710,5.270,-3.931,-5.631
21.290,4.320,-4.099,-5.960
22.130,4.340,-3.167,-6.377
26.900,4.990,-4.149,-4.961
25.080,4.520,-2.869,-4.895
24.290,3.740,-3.364,-5.810
26.360,2.950,3.766,-1.935
26.570,2.310,4.783,-2.637
24.080,2.530,4.977,-2.518
19.290,2.920,4.954,-1.902
24.860,2.710,4.820,-2.499
20.360,2.970,5.687,-2.275
19.230,3.100,5.090,-3.004
19.270,2.490,4.545,-2.486
18.410,2.690,2.613,0.843
19.560,2.530,2.427,1.083
21.160,2.420,2.516,0.996
18.220,2.700,2.359,1.240
23.610,2.190,2.667,1.151
25.580,2.680,2.574,1.031
20.780,2.140,2.167,1.165
17.960,1.960,2.647,0.880
25.290,3.530,1.833,-6.040
21.310,3.920,1.772,-6.834
22.810,4.450,1.644,-7.085
20.690,3.670,2.024,-5.347
25.720,3.770,1.569,-7.335
22.840,4.350,1.587,-6.426
21.910,3.860,1.454,-7.336
27.870,3.800,1.978,-5.069
18.960,6.050,-1.615,-1.605
22.240,6.310,-1.603,-1.532
25.210,4.840,-1.344,-1.991
26.830,4.450,-1.433,-2.118
21.610,4.610,-1.522,-2.554
27.100,5.640,-1.453,-2.235
21.450,5.620,-1.498,-2.199
24.920,5.910,-1.889,-2.589
17.980,5.080,-1.269,-0.753
20.230,6.040,-1.158,-0.695
17.710,5.210,-1.056,-0.811
17.140,4.280,-1.553,-0.828
17.410,4.360,-1.081,-1.340
15.130,4.760,-1.032,-1.031
17.940,5.860,-0.944,-1.363
17.350,5.110,-1.047,-1.299
18.270,3.350,-0.564,-16.273
23.490,2.660,-0.626,-19.718
19.990,2.960,-0.640,-19.289
18.000,3.220,-0.582,-19.708
22.110,2.720,-0.823,-23.406
18.220,2.720,-0.770,-19.401
18.470,2.800,-0.793,-17.921
22.940,3.110,-0.653,-21.495
25.300,3.250,0.197,-0.030
19.080,3.500,0.183,-0.023
22.730,2.930,0.196,-0.023
23.960,3.490,0.216,-0.032
19.910,3.640,0.142,0.045
21.550,2.680,0.158,0.048
17.440,3.550,0.123,0.038
21.070,3.300,0.127,0.041
25.690,-17.250,0.822,-29.893
32.780,-16.260,0.803,-33.670
26.500,-14.680,0.889,-33.271
30.110,-13.240,0.755,-38.895
30.790,-11.540,0.769,-27.342
34.820,-13.710,0.636,-32.682
31.040,-12.900,0.769,-30.773
34.730,-12.970,0.864,-28.690
23.330,-0.090,2.706,-10.799
22.380,-0.090,3.256,-8.316
30.620,-0.120,3.099,-9.053
32.160,-0.120,3.766,-8.507
32.370,-0.120,3.034,-12.131
25.410,-0.090,3.516,-11.452
24.090,-0.120,3.351,-10.230
30.970,-0.110,3.400,-10.819
21.040,2.100,0.000,-0.000
22.160,2.690,0.000,-0.000
18.380,2.510,0.000,-0.000
20.230,2.070,0.000,-0.000
21.330,2.910,0.000,-0.000
24.990,2.610,0.000,-0.000
20.500,3.030,0.000,-0.000
20.190,2.530,0.000,-0.000
25.900,-16.370,-2.656,-46.491
27.880,-20.210,-2.290,-33.366
26.960,-18.770,-2.260,-43.494
21.930,-14.470,-1.854,-45.644
30.910,-20.300,-2.349,-34.197
23.540,-15.140,-2.021,-37.635
31.010,-20.630,-2.632,-47.610
23.450,-19.520,-2.617,-39.871
22.550,1.870,-0.000,0.000
21.160,2.410,-0.000,0.000
26.520,1.950,-0.000,0.000
26.770,2.540,-0.000,0.000
23.590,2.620,-0.000,0.000
22.950,2.210,-0.000,0.000
20.950,2.600,-0.000,0.000
20.300,2.420,-0.000,0.000
22.050,1.900,-0.000,-0.000
25.130,2.650,-0.000,-0.000
26.520,1.940,-0.000,-0.000
23.360,2.320,-0.000,-0.000
27.310,1.970,-0.031,0.018
18.420,2.400,-0.037,0.013
23.400,2.180,-0.033,0.016
22.280,1.970,-0.035,0.016
29.250,-14.670,3.760,-37.816
28.060,-14.410,4.738,-33.985
28.720,-16.310,3.972,-36.062
33.790,-13.750,3.880,-36.171
26.460,-12.060,5.200,-31.907
33.400,-13.120,4.988,-33.725
35.760,-16.300,5.261,-29.560
31.930,-11.750,3.867,-34.191
13.170,5.570,-2.900,0.093
15.040,4.310,-2.632,0.078
14.780,5.380,-2.457,0.064
16.470,4.000,-2.373,0.089
15.700,3.930,-2.215,0.052
13.360,5.060,-2.518,0.051
16.940,5.040,-2.367,0.061
12.560,4.060,-2.122,0.057
18.300,3.580,0.535,-0.290
23.230,4.170,0.649,-0.251
18.810,3.440,0.492,-0.261
17.610,3.500,0.453,-0.291
21.320,3.890,0.059,-0.029
18.850,4.040,0.058,-0.025
23.000,3.180,0.049,-0.028
18.180,4.490,0.045,-0.027
17.720,3.020,0.751,-0.350
17.630,2.580,0.832,-0.352
25.990,3.060,0.667,-0.396
19.620,3.150,0.613,-0.326
26.160,2.700,0.313,-0.129
22.880,2.900,0.323,-0.152
19.880,2.610,0.311,-0.163
25.450,2.930,0.230,-0.138
27.690,2.500,0.999,-6.813
30.300,3.100,1.057,-6.678
30.830,2.460,0.725,-5.700
31.980,2.820,0.954,-7.170
28.320,3.190,1.181,-6.768
24.170,2.430,1.150,-5.114
32.440,2.690,0.904,-6.869
31.610,2.770,1.025,-6.544
28.430,3.220,1.022,-0.194
21.880,3.910,1.354,-0.213
27.190,3.070,1.145,-0.183
27.550,4.070,1.407,-0.171
27.430,3.330,1.144,-0.193
22.920,2.900,1.334,-0.213
29.480,3.350,1.376,-0.179
24.890,4.070,1.039,-0.202
20.660,2.960,0.098,-1.758
24.440,2.380,0.086,-2.158
24.790,2.240,0.097,-1.767
26.330,2.290,0.103,-1.816
22.740,2.200,0.014,-1.826
22.300,1.990,0.014,-1.794
26.270,2.080,0.016,-1.884
26.900,2.970,0.015,-1.833
32.340,2.010,3.844,-8.642
23.160,1.650,3.054,-9.762
26.590,1.670,3.068,-9.099
24.150,1.770,2.929,-10.345
30.010,1.610,3.800,-9.218
26.060,1.510,2.939,-7.404
27.390,2.040,2.646,-9.701
29.940,2.030,2.982,-9.487
21.140,3.820,-0.922,-5.503
27.140,3.520,-1.046,-4.312
26.160,2.900,-1.115,-4.002
25.560,3.690,-1.240,-4.647
23.010,3.610,-1.129,-4.700
26.140,2.680,-1.170,-4.741
22.580,3.850,-1.031,-5.181
26.600,3.760,-0.914,-4.822
25.830,0.880,-3.334,-9.485
25.710,0.990,-3.114,-7.408
25.750,0.880,-3.675,-9.330
31.570,0.740,-3.818,-7.904
23.950,0.980,-3.511,-10.202
25.330,0.700,-3.306,-9.565
26.440,0.730,-3.439,-10.796
23.740,1.010,-3.816,-8.162
27.300,2.100,-0.000,0.000
25.730,2.000,-0.000,0.000
23.810,2.370,-0.000,0.000
20.680,1.960,-0.000,0.000
24.940,2.750,-0.000,0.000
23.050,1.930,-0.000,0.000
25.510,2.410,-0.000,0.000
27.160,2.620,-0.000,0.000
19.510,3.850,-1.212,-4.332
18.230,3.650,-1.270,-4.216
23.800,3.260,-1.195,-4.345
16.530,4.010,-1.049,-4.517
18.890,4.330,-1.144,-5.072
16.700,3.290,-1.219,-4.723
19.270,4.490,-1.579,-4.627
20.000,4.000,-1.149,-4.549
19.450,2.770,-2.130,-0.024
19.070,2.690,-2.558,-0.019
22.940,2.970,-1.820,-0.020
25.170,2.720,-2.438,-0.021
27.390,3.110,-2.485,0.032
19.790,2.650,-2.380,0.025
20.820,3.210,-1.960,0.035
24.530,3.120,-2.261,0.026
24.050,3.080,-1.067,0.478
18.150,2.550,-0.969,0.424
19.190,2.370,-1.018,0.443
25.530,2.940,-1.239,0.608
21.870,2.640,-1.006,0.448
17.620,3.320,-0.956,0.567
22.970,2.670,-1.109,0.552
17.780,2.730,-1.210,0.508
24.390,-1.770,1.930,-13.497
33.150,-2.090,1.463,-15.572
34.360,-1.740,1.393,-15.278
28.430,-1.800,1.671,-14.726
32.270,-1.870,1.385,-11.758
33.500,-1.910,1.849,-15.723
27.280,-1.920,1.877,-14.521
33.780,-2.100,1.550,-12.862
18.360,2.030,-0.012,-0.004
25.780,2.790,-0.011,-0.004
18.990,2.100,-0.011,-0.004
23.760,2.020,-0.011,-0.004
25.690,2.100,0.000,0.000
25.890,2.440,0.000,0.000
18.030,2.430,0.000,0.000
26.530,2.000,0.000,0.000
23.530,3.140,0.615,-0.273
20.080,3.330,0.683,-0.297
19.960,2.450,0.566,-0.353
24.900,2.250,0.614,-0.310
27.830,2.480,0.474,-0.293
22.940,2.890,0.655,-0.291
22.460,3.340,0.646,-0.296
27.320,2.650,0.491,-0.335
25.820,2.310,1.897,0.905
25.650,2.810,1.742,0.877
25.280,3.060,1.921,0.773
26.170,2.180,2.034,0.729
21.900,2.200,1.878,0.674
24.180,3.070,1.552,0.891
25.280,2.140,1.656,0.926
24.350,2.440,1.696,0.663
24.100,3.810,1.091,0.096
23.020,3.410,1.057,0.074
19.180,2.940,1.257,0.099
25.610,3.630,1.240,0.108
27.950,2.780,1.222,-0.050
27.880,3.360,1.429,-0.059
21.290,3.420,1.209,-0.054
23.140,3.580,1.277,-0.046
29.100,0.700,5.859,-10.960
31.890,0.650,5.693,-8.908
29.470,0.600,4.211,-9.507
26.010,0.840,4.969,-12.041
24.730,0.760,6.080,-11.842
22.940,0.700,4.597,-9.916
26.350,0.740,5.197,-9.189
22.050,0.860,6.289,-9.131
25.500,2.320,-0.001,0.001
18.600,2.540,-0.001,0.001
20.420,2.650,-0.001,0.001
22.840,2.520,-0.001,0.001
21.130,2.970,0.311,-0.138
22.620,2.360,0.281,-0.125
22.950,2.760,0.265,-0.157
17.760,3.090,0.301,-0.160
34.630,-0.010,-0.708,-4.245
33.150,-0.010,-0.720,-4.030
31.210,-0.010,-0.973,-4.440
33.510,-0.010,-0.741,-3.851
28.780,-0.010,-0.914,-5.041
32.840,-0.010,-1.024,-4.408
32.940,-0.010,-1.150,-3.927
28.190,-0.010,-1.051,-4.219
24.020,2.310,-2.130,-0.921
23.530,2.800,-2.104,-0.785
19.090,2.250,-1.925,-0.698
26.600,2.540,-2.495,-0.739
19.580,2.170,-2.546,-0.914
24.730,2.540,-2.369,-0.707
23.250,2.280,-2.184,-0.699
20.450,2.310,-2.165,-0.752
31.760,0.740,5.536,-9.169
29.350,0.930,5.320,-7.364
28.190,0.730,4.594,-9.436
32.010,0.960,3.909,-7.074
25.440,0.720,4.272,-8.376
22.760,0.830,4.495,-7.420
24.480,0.760,4.692,-8.908
32.480,0.720,5.447,-7.301
33.550,0.600,-1.417,-6.206
23.970,0.510,-1.571,-7.666
33.960,0.510,-1.175,-6.625
27.600,0.530,-1.148,-6.560
28.070,0.570,-1.263,-8.486
26.160,0.550,-1.437,-8.050
28.720,0.500,-1.179,-6.388
28.280,0.520,-1.202,-8.415
24.370,1.050,-1.578,-6.219
27.970,0.890,-1.560,-5.405
27.040,0.960,-1.760,-5.870
22.410,1.080,-2.046,-6.044
27.340,0.880,-1.938,-6.373
23.230,1.150,-1.733,-7.107
27.950,0.990,-1.969,-6.366
25.820,0.840,-2.143,-6.492
34.100,-0.140,1.939,-8.065
30.870,-0.120,1.791,-6.867
33.870,-0.130,2.021,-7.394
29.920,-0.150,1.970,-7.074
27.810,-0.130,2.184,-7.401
34.730,-0.120,2.193,-9.878
25.780,-0.150,2.278,-7.313
30.000,-0.120,2.477,-9.052
29.570,0.600,0.091,-8.066
24.780,0.620,0.087,-7.605
31.540,0.550,0.095,-7.889
30.520,0.740,0.085,-8.367
25.990,0.530,-0.497,-6.665
32.860,0.580,-0.385,-7.751
29.500,0.540,-0.394,-7.305
29.330,0.690,-0.441,-5.967
21.570,2.560,-0.003,0.000
26.100,2.290,-0.003,0.000
25.460,2.350,-0.003,0.001
26.280,2.360,-0.002,0.000
22.260,2.160,0.073,-0.061
23.190,2.230,0.084,-0.068
22.800,3.080,0.065,-0.071
23.910,2.260,0.085,-0.068
16.880,3.870,-0.064,-1.559
17.360,3.420,-0.066,-1.580
19.270,3.840,-0.080,-1.647
20.520,4.490,-0.073,-1.883
17.330,4.160,0.422,-0.919
17.610,3.140,0.577,-1.104
18.770,4.440,0.409,-0.985
21.000,3.230,0.480,-1.072
17.110,3.920,0.116,-0.156
20.750,4.070,0.098,-0.151
22.770,3.910,0.090,-0.200
24.510,2.990,0.098,-0.153
23.670,4.250,0.029,-0.159
20.570,3.870,0.030,-0.133
17.560,4.160,0.025,-0.117
18.680,3.540,0.026,-0.119
17.870,3.130,0.915,-0.500
20.300,2.990,0.948,-0.634
19.590,2.870,1.226,-0.498
25.680,2.360,0.976,-0.556
19.750,2.760,0.753,-0.447
19.530,2.920,1.081,-0.514
22.690,3.080,0.814,-0.487
23.410,3.340,1.036,-0.551
23.570,3.040,-2.064,1.234
21.840,2.100,-2.220,1.055
25.790,2.200,-2.136,0.896
22.380,2.680,-2.112,1.220
24.640,2.320,-1.720,0.916
24.090,2.570,-1.539,0.878
25.520,3.060,-1.343,0.965
26.050,2.380,-1.499,0.785
26.760,0.420,2.402,-15.612
26.710,0.420,3.258,-14.255
24.520,0.440,3.028,-14.475
25.930,0.380,3.187,-14.156
30.670,0.440,2.891,-12.867
26.440,0.380,2.637,-10.601
24.980,0.380,2.742,-12.179
29.990,0.340,3.212,-11.464
25.220,3.260,0.409,-0.128
25.400,2.370,0.467,-0.103
27.360,2.410,0.373,-0.121
22.200,2.990,0.483,-0.120
25.180,3.160,0.460,-0.167
22.980,2.480,0.600,-0.171
26.650,2.650,0.560,-0.163
18.700,2.990,0.566,-0.167
24.050,2.780,0.179,-0.042
22.890,2.870,0.173,-0.046
23.650,3.390,0.234,-0.044
20.720,2.710,0.190,-0.052
26.260,3.110,0.454,-0.113
25.370,2.420,0.440,-0.130
19.570,2.490,0.466,-0.101
23.230,2.540,0.424,-0.125
23.820,3.930,-1.197,-6.132
21.500,3.260,-1.292,-6.027
20.820,3.510,-1.500,-5.537
20.280,3.620,-1.563,-7.068
25.750,3.100,-2.890,-4.297
18.910,3.250,-2.350,-4.390
23.400,3.340,-2.805,-5.271
19.490,3.910,-2.333,-4.737
31.150,1.150,3.006,-7.969
23.100,1.290,2.862,-9.478
22.340,1.220,2.643,-8.768
25.150,1.360,2.394,-9.360
23.500,1.540,3.380,-10.461
30.740,1.170,3.210,-9.095
31.800,1.350,3.417,-7.493
28.680,1.110,2.768,-8.882
12.270,12.140,0.709,-5.079
17.600,16.730,0.802,-5.263
17.880,12.290,0.849,-4.608
16.480,15.340,0.717,-4.566
13.480,13.270,0.669,-4.600
13.660,11.390,0.822,-5.823
17.780,14.200,0.737,-5.875
14.940,15.880,0.613,-5.305
18.670,11.800,1.007,-9.911
16.880,10.150,0.855,-7.578
13.070,9.260,1.190,-9.191
13.930,8.950,1.141,-8.792
12.940,10.070,1.273,-11.667
18.210,9.320,1.002,-10.871
16.410,10.550,0.997,-9.739
18.510,9.160,0.998,-9.838
26.990,5.600,1.826,-14.125
19.230,4.890,1.744,-19.476
23.850,5.780,1.917,-14.571
28.350,5.560,1.502,-17.994
28.800,4.880,2.053,-19.742
27.560,5.550,1.545,-19.931
24.270,4.140,1.392,-19.656
26.880,4.500,1.789,-14.699
25.040,3.050,5.159,-3.471
22.310,2.550,6.544,-3.843
22.030,3.500,6.775,-3.558
24.330,3.030,7.308,-3.715
17.410,3.050,8.032,-3.660
22.700,3.620,8.120,-3.820
25.580,3.150,8.067,-3.030
19.840,3.100,7.101,-3.742
24.400,3.190,5.777,-3.720
21.350,3.820,6.466,-3.531
17.750,3.850,4.641,-3.297
22.820,4.080,4.910,-3.888
19.200,4.100,6.096,-2.741
16.940,3.860,6.475,-3.124
22.920,4.130,5.365,-2.540
23.060,3.270,5.966,-3.176
17.490,3.800,7.085,-3.707
18.490,3.400,9.820,-4.698
23.540,3.620,7.686,-3.434
23.630,3.230,9.801,-3.973
20.600,3.540,7.161,-3.759
23.090,4.030,8.878,-4.250
22.900,2.910,8.992,-3.280
21.140,4.130,10.266,-3.280
15.720,4.420,7.811,-3.993
16.990,4.160,7.933,-4.204
21.330,3.600,7.822,-5.244
17.080,4.330,9.145,-4.697
17.500,4.790,8.900,-3.333
17.400,4.660,9.263,-3.617
17.530,3.870,9.695,-3.173
18.160,4.170,8.123,-2.893
28.440,2.980,-0.585,-0.109
25.950,3.900,-0.565,-0.107
20.310,2.710,-0.586,-0.117
23.040,3.260,-0.490,-0.127
25.620,2.910,-0.563,-0.186
25.180,2.740,-0.482,-0.180
19.900,3.320,-0.521,-0.169
27.320,3.640,-0.573,-0.191
20.960,3.090,0.947,-16.149
20.680,4.010,0.804,-14.202
18.430,3.810,0.727,-14.113
18.990,3.920,0.845,-14.735
19.900,3.740,2.589,-10.889
23.920,3.430,2.403,-12.762
23.900,3.620,2.288,-10.126
22.630,3.580,2.944,-9.970
24.230,3.370,-1.804,-1.723
26.960,2.650,-2.134,-1.428
24.440,2.740,-2.089,-1.878
19.950,2.870,-2.178,-1.619
22.480,3.260,-2.260,-1.698
27.750,3.800,-2.679,-1.369
22.280,3.590,-1.869,-1.410
22.950,3.420,-2.689,-1.384
24.870,8.020,0.272,-13.043
25.520,10.410,0.285,-12.845
21.580,8.140,0.247,-11.390
25.090,8.220,0.279,-12.095
24.560,10.240,0.273,-9.217
23.420,10.730,0.292,-11.824
21.890,8.560,0.294,-12.582
23.120,9.560,0.323,-9.629
31.930,-1.740,0.562,-19.051
35.840,-1.730,0.568,-17.444
28.860,-1.490,0.652,-21.141
30.370,-1.360,0.511,-17.304
31.830,-1.740,0.602,-16.452
32.940,-1.750,0.588,-20.406
25.330,-1.630,0.685,-23.146
33.240,-1.440,0.754,-21.230
36.840,-2.170,3.370,-22.905
28.560,-1.700,2.578,-24.117
37.910,-2.100,2.358,-23.783
31.910,-1.670,2.796,-23.523
30.290,-1.680,2.997,-28.916
34.740,-1.680,3.196,-30.398
30.620,-1.780,3.255,-24.516
35.790,-2.120,3.361,-28.630
33.170,-2.170,-0.261,-19.957
24.090,-1.700,-0.237,-22.463
23.350,-1.880,-0.218,-18.246
27.260,-1.670,-0.266,-23.406
26.970,-2.050,0.056,-17.352
27.240,-1.980,0.064,-21.420
29.630,-2.080,0.061,-21.781
32.540,-2.280,0.081,-23.706
35.490,-2.570,-1.531,-25.658
33.420,-2.440,-1.526,-25.888
25.940,-2.150,-1.676,-19.363
36.480,-2.040,-1.341,-18.899
32.830,-2.230,-1.212,-23.013
37.410,-2.000,-1.560,-24.242
31.160,-2.840,-1.490,-25.109
31.210,-2.530,-1.514,-18.420
35.240,2.850,3.720,-16.545
36.440,2.820,2.796,-19.362
27.840,2.370,3.234,-18.290
31.730,2.460,3.428,-14.208
30.570,2.620,3.261,-18.672
36.040,2.430,3.086,-19.870
36.290,2.290,3.180,-14.051
26.790,2.360,3.580,-15.096
24.600,-0.170,2.693,-20.531
29.550,-0.160,2.147,-27.047
27.670,-0.120,2.319,-28.169
31.650,-0.140,2.560,-22.370
25.140,-0.130,2.478,-22.305
34.210,-0.130,2.902,-30.722
26.190,-0.130,2.088,-29.059
24.470,-0.130,2.450,-24.913
30.510,-2.430,-4.023,-24.660
21.560,-1.870,-4.386,-23.359
25.100,-2.600,-3.062,-21.515
23.510,-2.290,-3.518,-20.869
24.660,-1.980,-3.130,-23.291
32.080,-2.630,-4.013,-17.934
25.680,-2.600,-3.371,-21.391
32.280,-2.330,-3.062,-18.239
29.480,1.140,0.007,-16.865
25.230,1.250,0.008,-19.688
33.970,1.080,0.006,-17.186
25.180,0.890,0.009,-16.322
31.870,1.060,0.062,-22.707
23.830,1.100,0.056,-17.810
26.880,0.900,0.064,-22.170
29.770,1.170,0.056,-18.347
22.570,7.900,-1.151,-9.751
18.870,8.160,-1.052,-11.780
21.210,7.850,-1.068,-13.647
18.350,9.850,-1.010,-9.418
24.730,8.350,-1.236,-11.037
21.400,6.930,-1.368,-10.965
19.620,8.370,-1.437,-9.481
18.990,7.190,-1.158,-10.332
30.310,0.260,-2.497,-21.263
26.820,0.230,-2.714,-20.788
27.680,0.220,-2.543,-15.160
30.160,0.270,-2.531,-19.622
24.940,0.230,-2.744,-16.563
27.260,0.260,-2.533,-17.803
26.610,0.200,-2.570,-21.680
26.000,0.260,-2.551,-15.282
23.900,2.990,-3.135,0.115
21.710,2.850,-3.050,0.138
18.490,3.100,-3.381,0.140
18.960,2.310,-2.939,0.145
23.380,2.370,-3.597,0.117
21.090,2.440,-3.610,0.118
26.510,2.720,-3.411,0.105
24.080,2.990,-2.485,0.094
31.290,-1.080,1.555,-23.341
31.140,-1.150,1.091,-16.386
28.650,-1.200,1.302,-16.318
30.320,-0.980,1.343,-20.540
25.850,-1.220,1.454,-17.000
30.880,-0.920,1.361,-17.041
25.640,-0.990,1.215,-16.242
24.930,-1.180,1.228,-23.253
25.450,2.810,0.112,-0.071
24.110,2.730,0.098,-0.084
23.280,2.610,0.123,-0.077
21.120,2.570,0.134,-0.098
19.530,2.800,0.142,-0.043
26.610,2.060,0.166,-0.037
18.510,2.830,0.159,-0.042
22.130,2.250,0.173,-0.037
27.640,-1.120,-2.308,-18.635
31.650,-1.250,-2.293,-24.219
30.500,-1.510,-2.247,-23.836
34.580,-1.250,-2.179,-20.475
30.970,-1.130,-1.613,-23.096
35.250,-1.070,-2.255,-24.432
26.490,-1.370,-1.671,-24.347
26.680,-1.410,-2.194,-26.515
27.060,-4.050,2.195,-18.618
23.580,-4.160,1.950,-18.212
31.290,-3.140,2.312,-24.983
26.160,-4.190,2.510,-18.142
22.260,-3.540,1.927,-22.052
27.620,-3.490,1.736,-24.401
25.630,-3.970,2.103,-19.172
23.950,-3.190,1.640,-25.133
24.120,2.460,0.340,-0.211
20.260,2.290,0.364,-0.226
25.830,2.800,0.451,-0.211
22.890,2.120,0.453,-0.195
25.010,2.300,0.452,-0.188
25.820,2.760,0.388,-0.252
18.880,2.690,0.506,-0.218
19.450,2.300,0.404,-0.228
24.730,2.500,-3.396,0.794
18.680,2.320,-2.657,0.831
20.620,2.880,-3.624,1.071
18.950,2.280,-3.173,0.797
24.380,2.090,-4.164,0.127
22.560,2.970,-3.921,0.149
21.910,3.010,-3.464,0.145
23.810,2.780,-4.273,0.133
26.360,3.630,-0.128,-11.579
18.170,4.010,-0.168,-12.160
26.470,3.920,-0.141,-13.082
24.700,3.500,-0.152,-10.710
20.250,4.810,-0.010,-10.890
24.620,3.700,-0.008,-12.019
23.730,4.400,-0.010,-9.806
20.420,4.180,-0.009,-12.301
37.590,-5.510,0.268,-17.770
29.660,-7.300,0.222,-23.334
32.430,-6.190,0.222,-22.908
27.220,-5.350,0.290,-17.087
30.690,-6.760,0.246,-24.054
32.220,-5.640,0.168,-19.599
33.800,-6.070,0.180,-20.311
29.440,-6.070,0.231,-17.130
25.060,2.710,0.169,-0.021
23.520,2.590,0.150,-0.024
21.460,2.090,0.160,-0.017
24.480,2.600,0.154,-0.022
20.840,2.570,0.340,-0.040
22.290,2.740,0.341,-0.039
19.930,2.250,0.298,-0.045
22.010,2.710,0.341,-0.046
39.430,-7.430,4.228,-23.541
34.660,-7.070,4.890,-18.494
38.840,-6.930,3.641,-22.507
33.360,-5.910,3.906,-21.243
35.480,-5.850,3.766,-20.027
34.160,-7.940,4.652,-19.303
36.700,-5.730,3.670,-21.169
28.080,-5.780,4.076,-25.787
35.720,-5.540,-3.247,-21.824
35.820,-6.110,-2.738,-18.504
28.410,-5.760,-3.757,-21.760
26.720,-5.650,-2.685,-19.529
32.950,-6.400,-4.212,-16.489
34.700,-7.420,-3.692,-15.829
35.090,-5.600,-3.688,-21.447
33.980,-7.380,-2.881,-18.682
24.370,-1.640,-0.033,-14.104
27.870,-1.500,-0.035,-11.958
24.210,-1.770,-0.044,-12.128
28.050,-1.690,-0.037,-11.752
24.710,-1.430,0.557,-9.718
27.290,-1.610,0.455,-13.359
26.380,-1.890,0.569,-13.591
26.350,-1.700,0.567,-10.525
33.650,-7.110,1.575,-16.831
34.300,-7.930,1.907,-22.028
29.350,-6.680,1.579,-20.701
32.570,-7.860,2.047,-17.690
33.880,-7.340,1.633,-18.165
26.210,-7.740,1.660,-17.691
28.930,-8.380,2.180,-19.170
36.350,-7.120,2.345,-19.205
27.830,-4.160,1.166,-18.658
25.680,-5.440,1.427,-13.847
34.210,-5.340,1.498,-17.643
33.370,-5.430,1.595,-17.144
25.990,-4.690,1.356,-14.608
34.720,-3.990,1.539,-16.908
29.470,-5.240,1.505,-15.339
26.960,-5.660,1.748,-17.597
27.870,-5.690,0.250,-20.485
28.680,-5.610,0.218,-20.716
24.190,-7.540,0.301,-18.545
29.790,-5.720,0.278,-18.459
24.610,-6.310,0.207,-22.965
24.550,-7.400,0.220,-18.975
23.560,-6.990,0.213,-19.822
26.290,-7.790,0.240,-24.175
18.350,2.770,2.826,-2.254
21.140,2.870,2.671,-2.283
20.240,3.980,2.888,-1.842
21.200,3.550,2.271,-2.558
18.450,3.610,2.218,-2.278
19.060,3.250,2.841,-2.127
18.340,3.060,2.823,-2.073
18.370,3.360,2.590,-1.866
23.890,2.080,-0.000,0.000
21.740,2.240,-0.000,0.000
20.480,2.150,-0.000,0.000
27.440,2.330,-0.000,0.000
25.140,2.590,-0.049,0.026
21.880,2.490,-0.055,0.033
24.710,2.400,-0.060,0.031
24.670,1.920,-0.051,0.035
29.290,2.130,-1.462,-2.690
30.300,2.560,-1.470,-2.988
30.690,1.850,-1.179,-2.583
23.940,2.210,-1.105,-2.556
24.250,2.450,-1.294,-4.028
28.550,1.850,-1.298,-3.570
21.180,1.970,-1.305,-4.011
29.020,1.940,-1.369,-3.732
24.960,0.120,3.083,-10.670
25.700,0.120,2.450,-13.040
27.400,0.090,3.155,-9.984
30.410,0.110,3.144,-10.184
25.450,0.100,2.249,-12.624
29.410,0.110,3.035,-9.085
22.500,0.120,2.684,-9.425
28.620,0.110,3.246,-10.456
33.460,0.870,3.372,-9.085
26.050,0.680,4.508,-7.867
25.650,0.640,3.889,-6.663
28.730,0.840,4.805,-7.879
33.440,0.640,4.536,-5.846
30.920,0.820,4.080,-7.089
31.700,0.790,4.641,-8.592
26.780,0.690,3.612,-6.623
19.740,3.250,0.062,-0.137
24.180,3.300,0.066,-0.122
25.030,2.940,0.069,-0.136
19.510,3.580,0.072,-0.136
25.030,2.820,0.012,-0.084
23.430,2.780,0.016,-0.105
23.110,3.640,0.012,-0.079
24.210,2.910,0.016,-0.090
28.520,2.880,0.090,0.024
26.860,3.970,0.087,0.032
20.260,3.140,0.087,0.027
21.170,2.960,0.081,0.033
25.980,3.770,-0.013,0.027
28.490,3.310,-0.014,0.029
26.880,3.810,-0.013,0.025
20.560,4.070,-0.015,0.027
23.790,2.130,-0.830,-0.260
24.100,3.120,-0.794,-0.339
19.510,2.770,-0.772,-0.352
21.240,3.010,-0.725,-0.262
22.170,2.250,-0.872,-0.286
20.430,2.820,-0.868,-0.295
27.530,2.480,-0.952,-0.406
23.270,2.960,-0.930,-0.392
23.140,3.750,0.072,0.030
22.390,3.220,0.060,0.027
23.520,2.900,0.057,0.035
27.870,2.650,0.063,0.036
19.970,2.980,0.161,0.055
24.710,3.690,0.131,0.078
22.650,2.770,0.150,0.061
27.690,3.620,0.176,0.057
20.520,7.580,-0.971,-8.971
18.180,8.120,-0.982,-12.980
17.790,8.080,-0.758,-8.753
16.170,9.330,-0.751,-9.528
21.090,7.640,-0.633,-11.998
17.230,8.450,-0.837,-11.458
18.190,9.640,-0.798,-8.874
19.690,9.340,-0.783,-13.216
23.610,2.950,-9.008,-4.216
19.960,2.270,-8.530,-4.919
25.280,2.180,-8.659,-5.224
27.260,2.310,-8.332,-3.970
24.510,2.780,-9.301,-4.584
25.350,2.210,-9.755,-4.306
24.000,2.720,-9.076,-4.686
27.500,2.470,-7.811,-5.000
21.460,3.570,0.570,0.259
24.980,3.290,0.556,0.274
18.280,3.110,0.441,0.280
21.930,3.450,0.447,0.280
21.360,3.410,0.685,0.183
25.910,3.120,0.689,0.259
24.330,2.810,0.641,0.185
18.730,2.720,0.518,0.206
26.750,2.870,1.856,0.661
23.520,2.460,1.673,0.666
18.540,2.180,1.597,0.592
20.160,3.080,1.787,0.564
18.550,2.300,2.007,1.044
22.890,2.120,1.966,1.087
19.310,2.300,2.021,1.352
19.450,2.130,2.064,1.123
22.810,3.990,3.682,-4.959
20.500,3.630,3.898,-5.756
19.540,3.630,3.403,-4.906
17.450,3.100,3.776,-6.310
23.540,2.940,3.788,-5.319
18.830,3.260,2.809,-4.624
24.430,3.130,3.246,-4.386
24.260,3.410,3.971,-5.951
22.020,2.230,1.598,-3.031
28.300,2.160,2.021,-3.484
28.620,2.950,1.897,-2.495
26.660,2.250,1.643,-2.795
25.620,2.160,2.103,-3.590
21.210,2.570,2.105,-3.661
24.800,2.540,1.972,-3.444
26.470,2.660,1.875,-3.665
26.260,2.230,0.160,0.019
20.120,2.180,0.151,0.016
20.710,2.170,0.128,0.015
20.310,2.170,0.161,0.013
25.790,2.430,0.224,-0.025
26.620,2.730,0.212,-0.025
20.450,2.660,0.183,-0.027
22.470,2.660,0.195,-0.027
23.710,4.540,-2.325,-10.147
21.690,3.340,-2.504,-7.974
20.420,4.040,-2.321,-11.853
18.690,3.680,-2.408,-11.691
19.220,4.360,-3.239,-8.907
18.900,4.340,-3.163,-12.598
23.570,4.170,-3.404,-10.995
23.150,4.740,-3.326,-10.157
18.350,2.450,-4.669,2.027
20.170,2.250,-3.965,1.698
20.710,2.810,-4.167,1.504
24.230,2.600,-3.998,1.576
24.920,2.570,-3.921,1.834
26.670,2.820,-4.661,1.768
18.780,2.490,-3.244,1.564
21.140,2.130,-4.308,1.907
26.760,7.730,2.986,-9.492
29.070,7.510,3.370,-10.362
26.470,6.760,2.920,-9.241
21.670,7.580,3.402,-10.680
26.820,6.740,3.417,-12.499
25.890,5.970,2.559,-11.284
25.730,7.670,2.636,-12.581
24.550,6.420,3.468,-10.792
32.440,0.600,4.079,-17.650
37.370,0.570,5.781,-14.625
38.410,0.470,5.790,-14.493
39.180,0.430,5.403,-18.588
31.620,0.460,5.809,-14.843
29.580,0.500,4.424,-15.756
38.950,0.610,6.033,-13.666
39.510,0.560,4.977,-19.243
39.940,-3.000,6.027,-23.197
39.580,-2.230,5.688,-25.743
38.480,-2.830,5.729,-22.492
36.580,-2.370,5.629,-26.954
44.360,-2.910,6.954,-23.977
40.090,-3.100,5.878,-22.390
37.490,-2.210,5.965,-23.642
47.260,-2.740,8.049,-25.230
33.080,-3.270,7.519,-17.919
34.290,-3.020,7.061,-20.339
34.590,-2.680,5.360,-16.567
39.260,-2.500,6.420,-17.043
40.160,-2.870,7.636,-22.525
41.390,-3.320,6.411,-22.927
32.630,-2.780,7.297,-16.825
31.090,-3.020,6.138,-16.671
24.870,-1.120,3.834,-14.637
29.800,-1.420,4.201,-16.858
33.560,-1.470,3.072,-16.008
35.020,-1.150,3.304,-18.263
25.050,-1.430,3.410,-16.848
32.890,-1.230,3.176,-18.852
23.840,-1.510,3.107,-19.286
29.620,-1.270,3.873,-19.644
36.530,-3.190,4.931,-22.675
40.460,-3.150,4.766,-18.347
39.330,-3.140,3.915,-20.466
41.670,-3.250,3.310,-19.918
35.570,-4.560,4.571,-22.055
35.940,-3.450,3.907,-24.340
38.650,-4.580,4.994,-23.855
40.480,-3.630,4.092,-18.174
34.050,-4.400,3.805,-17.627
31.450,-4.030,3.497,-18.437
36.340,-3.470,4.119,-20.463
32.910,-4.030,4.337,-22.135
41.350,-4.240,4.326,-20.076
36.740,-4.200,3.836,-22.945
41.640,-3.220,4.135,-21.844
37.990,-3.440,4.252,-20.286
36.830,-2.530,4.431,-19.625
34.690,-3.060,5.296,-22.460
38.730,-2.560,4.075,-15.710
37.710,-2.290,5.320,-15.794
38.420,-2.830,4.844,-21.702
31.100,-2.210,4.421,-17.644
37.020,-2.890,4.248,-22.347
39.680,-2.400,3.945,-17.026
35.130,-2.460,4.775,-21.573
34.070,-3.200,4.075,-17.065
29.480,-2.800,5.389,-20.138
39.380,-2.400,4.210,-16.573
36.390,-2.410,4.772,-20.929
31.600,-3.240,4.322,-20.903
41.050,-2.380,4.118,-16.200
32.270,-2.850,5.721,-17.446
20.240,9.310,-1.841,-14.152
18.370,12.030,-1.542,-17.110
19.690,10.280,-1.786,-14.074
15.320,11.650,-1.826,-13.986
21.170,9.570,-1.539,-19.518
19.100,11.870,-1.590,-14.166
18.140,11.540,-2.075,-14.877
19.860,11.500,-1.891,-20.697
24.530,2.330,-5.476,2.575
21.180,3.300,-4.380,2.593
23.840,2.760,-5.295,3.178
23.250,3.080,-5.682,3.188
18.740,2.230,-4.391,3.792
25.150,2.420,-4.681,2.986
20.130,3.270,-5.990,2.609
18.570,2.520,-4.231,3.201
22.450,2.230,1.943,-0.212
24.750,2.200,2.102,-0.169
26.030,3.010,2.668,-0.187
21.620,2.640,2.444,-0.170
25.840,2.560,2.835,-0.278
26.720,2.430,2.667,-0.244
22.370,2.820,2.804,-0.307
23.170,2.640,2.049,-0.291
22.890,2.680,-5.381,0.749
24.220,3.250,-5.270,0.903
18.690,3.270,-6.142,0.640
22.170,3.090,-5.704,0.748
23.000,3.080,-4.578,0.470
20.770,3.010,-6.344,0.511
22.220,2.920,-4.588,0.515
23.420,2.390,-5.882,0.429
18.310,3.460,4.989,-2.607
21.930,3.210,4.556,-2.059
16.570,3.310,5.485,-2.433
20.360,4.330,4.585,-2.354
23.020,3.760,3.932,-2.179
16.320,4.190,4.729,-2.421
19.590,3.550,5.806,-1.872
21.440,2.950,4.077,-2.095
25.180,1.810,1.275,-5.219
28.580,1.870,1.214,-4.486
25.280,1.610,1.320,-4.428
26.860,2.340,1.425,-4.911
26.600,2.080,1.071,-4.384
23.190,2.340,0.969,-5.149
30.220,1.620,1.037,-3.816
23.130,1.650,1.091,-5.072
22.350,2.830,2.475,-12.361
20.650,2.870,2.200,-12.714
22.530,2.950,2.199,-11.599
20.500,3.390,2.105,-14.619
22.660,3.070,2.463,-13.048
19.900,2.690,2.350,-12.868
26.660,3.650,2.228,-14.987
19.420,3.110,2.004,-11.897
25.840,2.320,-0.047,0.006
25.450,2.100,-0.039,0.008
25.230,2.420,-0.046,0.006
27.100,2.740,-0.042,0.007
22.710,2.550,-0.066,0.010
25.480,2.030,-0.066,0.011
26.970,2.300,-0.054,0.012
20.820,2.880,-0.074,0.009
26.660,3.450,-3.221,-1.125
22.290,3.540,-2.805,-1.393
22.720,3.220,-2.468,-0.980
28.400,3.270,-2.817,-1.269
27.550,3.420,-3.062,-1.374
26.410,3.710,-3.179,-1.333
24.920,3.690,-2.633,-1.210
26.500,2.960,-2.156,-1.503
14.540,13.490,-1.660,-6.727
14.510,11.910,-1.811,-7.985
13.710,15.630,-1.797,-8.059
13.150,14.860,-1.727,-5.981
14.030,12.800,-1.718,-6.560
15.000,13.600,-2.130,-7.849
13.900,11.730,-2.187,-8.478
13.670,12.010,-1.702,-6.216
16.210,9.560,-3.175,-11.486
19.410,12.200,-2.734,-13.406
18.670,10.360,-3.211,-12.391
13.120,11.740,-2.635,-11.093
16.520,12.330,-3.332,-11.624
14.260,10.780,-2.822,-9.888
14.320,8.670,-2.971,-11.521
16.660,11.880,-4.004,-9.540
20.390,4.380,1.798,-1.817
19.410,3.770,2.015,-1.660
21.240,4.450,2.171,-1.866
17.450,4.730,2.083,-1.953
18.690,4.440,1.637,-1.852
16.690,5.260,1.728,-2.143
21.380,3.940,1.914,-1.815
18.270,5.010,1.555,-1.800
21.850,2.480,-2.721,0.777
25.690,2.330,-2.149,1.016
20.160,2.290,-2.217,1.047
23.370,1.990,-1.926,0.972
24.310,2.610,-2.809,0.920
25.840,2.380,-2.565,1.019
19.830,2.700,-2.438,0.887
23.110,2.680,-2.019,0.988
26.770,2.660,6.410,2.064
25.530,2.830,6.101,2.250
21.470,3.270,5.479,1.577
21.510,3.150,5.480,1.997
19.790,3.180,6.506,1.614
25.450,2.450,6.640,1.564
19.530,2.680,6.250,2.022
24.980,3.170,6.152,1.856
13.520,4.300,1.526,0.592
13.810,5.520,2.010,0.456
14.200,5.690,1.895,0.590
14.160,4.500,1.719,0.580
16.710,5.190,1.389,0.632
15.520,5.160,0.968,0.559
17.010,5.220,1.346,0.584
15.190,5.280,0.975,0.545
17.320,3.770,4.597,-1.128
18.500,4.500,5.989,-1.115
22.310,4.920,4.787,-1.124
21.400,4.330,4.658,-1.257
16.820,3.580,5.814,-1.187
18.440,4.140,6.013,-1.366
21.900,4.030,5.136,-1.213
18.210,5.030,5.949,-1.408
14.200,4.670,-5.201,-0.907
15.150,5.000,-5.672,-1.201
13.490,3.990,-5.108,-1.168
15.350,5.280,-4.934,-1.236
18.860,5.650,-5.266,-1.067
16.680,5.400,-5.989,-1.362
18.240,5.330,-6.961,-1.338
15.670,5.630,-4.880,-1.463
12.540,5.840,-3.330,-0.099
12.130,5.790,-3.679,-0.112
13.410,5.750,-2.210,-0.345
14.370,3.990,-3.103,-0.247
13.580,5.370,-2.402,-0.218
14.110,4.180,-2.905,-0.178
14.590,3.910,-1.742,1.781
12.830,4.830,-7.670,-0.100
14.450,4.500,-7.285,-0.317
14.700,5.040,-0.641,-0.268
15.330,5.340,-0.599,-0.332
18.040,4.740,-0.605,-0.390
13.220,4.010,-0.644,-0.346
14.420,4.920,-0.451,-0.115
18.600,3.820,-0.596,-0.162
15.010,5.140,-0.591,-0.125
15.340,4.900,-0.609,-0.161
18.340,4.380,-1.323,0.144
17.720,5.090,-1.321,0.133
16.200,4.080,-1.427,0.159
14.360,5.490,-1.282,0.131
15.800,4.080,-1.195,0.144
18.970,5.350,-1.235,0.121
18.720,5.180,-1.089,0.131
20.460,4.980,-1.080,0.124
19.270,6.370,-0.621,-23.195
14.860,6.730,-0.811,-19.515
17.370,6.880,-0.783,-20.493
20.860,5.970,-0.901,-21.814
15.480,6.160,-0.935,-21.103
15.850,5.980,-0.930,-22.155
17.940,5.310,-0.924,-19.830
18.650,6.500,-0.752,-19.440
24.020,3.550,-3.933,1.950
17.290,3.050,-3.197,2.130
17.850,3.250,-3.988,2.405
16.910,3.650,-4.487,1.766
20.950,3.450,-4.753,1.661
23.640,3.210,-3.241,2.081
23.710,2.990,-3.378,1.767
19.850,3.790,-4.082,2.091
25.560,3.010,2.308,0.733
26.480,3.360,2.563,0.881
28.890,3.400,2.555,0.893
27.930,2.680,2.711,0.936
20.760,3.060,2.635,1.040
23.860,3.370,1.960,1.238
21.440,3.270,2.871,1.023
28.540,3.570,2.771,0.910
24.290,-10.350,2.068,-29.965
27.930,-9.050,2.500,-30.519
28.910,-10.460,2.114,-37.608
22.550,-11.240,2.696,-38.971
25.740,-9.550,2.811,-34.378
23.710,-10.180,3.206,-32.766
22.760,-8.810,3.098,-33.913
22.560,-12.090,2.432,-30.356
24.750,2.480,0.027,-0.003
19.740,2.310,0.027,-0.003
24.330,2.340,0.035,-0.003
21.490,2.160,0.032,-0.004
24.000,2.890,-0.098,0.017
26.270,2.090,-0.098,0.014
21.240,2.550,-0.096,0.014
21.230,2.360,-0.096,0.015
17.980,2.660,0.023,-0.018
19.390,3.200,0.025,-0.020
22.800,3.130,0.026,-0.020
18.530,2.620,0.029,-0.020
20.930,3.420,0.015,-0.011
19.190,3.480,0.015,-0.011
26.200,2.830,0.016,-0.013
18.460,3.410,0.019,-0.010
25.860,2.290,-0.567,-0.303
25.560,2.340,-0.563,-0.254
24.630,2.620,-0.671,-0.251
20.900,2.140,-0.781,-0.331
21.990,2.940,-0.815,-0.420
21.350,2.950,-0.841,-0.380
25.690,2.380,-0.987,-0.379
23.950,2.420,-0.941,-0.372
20.770,3.820,-4.172,2.159
18.740,3.550,-4.058,2.723
17.220,3.420,-5.295,1.959
23.670,4.230,-3.990,2.432
22.000,3.870,-4.885,1.995
18.610,3.450,-4.165,2.180
22.590,4.240,-5.036,2.652
19.910,3.490,-5.818,2.744
17.920,14.200,-2.839,-11.741
14.950,9.930,-2.745,-11.656
14.850,14.410,-3.252,-15.748
20.250,11.290,-2.805,-14.863
14.180,12.700,-2.362,-15.620
20.110,10.540,-3.174,-14.529
19.870,14.130,-2.794,-12.946
15.560,12.900,-3.442,-11.533
24.050,5.630,-1.935,-25.207
21.490,5.870,-1.841,-20.735
16.910,5.900,-1.643,-20.399
19.800,5.290,-1.582,-19.383
24.110,5.180,-1.199,-27.107
17.530,4.390,-1.598,-22.305
21.770,4.780,-1.255,-23.867
24.220,6.110,-1.431,-19.691
22.520,2.850,1.482,-0.598
24.100,2.910,1.446,-0.732
18.140,3.540,1.175,-0.679
18.250,3.030,1.431,-0.762
17.920,3.770,1.514,-0.697
20.020,3.130,1.289,-0.836
21.930,3.620,1.474,-0.832
25.200,3.640,1.219,-0.750
12.570,4.980,-6.313,0.957
16.750,4.330,-5.750,1.067
15.380,5.030,-5.931,0.919
14.390,5.200,-7.408,1.014
15.210,5.290,-7.484,0.972
17.080,5.940,-6.612,0.689
15.440,5.920,-5.311,0.677
16.120,5.380,-7.053,0.967
14.680,4.050,-0.984,-0.019
14.620,5.450,-3.512,-1.804
13.620,4.220,-4.027,-2.289
14.640,5.670,-3.335,-2.091
13.250,4.930,-8.237,-4.876
12.530,5.740,-11.626,-4.072
14.220,6.010,-9.391,-4.821
13.090,5.480,-10.387,-4.381
12.470,5.270,-10.703,-4.068
12.300,4.470,-11.552,-5.322
12.480,5.250,-11.943,-4.971
11.760,4.850,-9.229,-5.273
14.380,5.760,-10.974,-5.300
14.870,5.120,-9.935,-5.691
11.290,4.810,-11.857,-6.123
12.170,5.580,-10.337,-4.910
13.810,5.920,-12.729,-4.972
13.330,6.270,-11.867,-5.378
14.810,5.570,-14.525,-4.526
23.040,2.890,5.849,-1.839
20.700,2.260,6.592,-2.111
24.940,2.750,5.848,-2.313
22.670,2.200,5.312,-1.819
26.530,2.790,4.937,-1.932
23.580,2.090,6.299,-1.702
21.290,1.970,5.260,-1.617
27.210,2.240,6.576,-1.476
20.260,5.290,-0.154,0.300
20.210,4.390,-0.148,0.397
15.590,4.200,-0.120,0.274
17.410,5.260,-0.124,0.401
18.900,4.320,-0.292,0.288
16.540,4.590,-0.272,0.345
17.170,5.380,-0.212,0.350
19.260,5.270,-0.260,0.302
25.630,2.360,-7.017,-0.953
24.960,2.220,-9.910,-1.059
23.050,2.470,-8.231,-1.083
20.840,2.400,-8.627,-0.770
25.640,2.290,-8.517,-0.852
18.720,2.820,-8.284,-0.960
24.270,2.890,-9.383,-0.944
25.100,2.570,-7.883,-0.982
19.610,2.110,-2.916,1.838
20.210,2.030,-3.555,1.617
23.500,1.940,-2.877,1.493
22.900,2.110,-2.810,1.535
23.590,1.950,-2.147,1.364
23.310,2.230,-2.664,1.408
19.710,2.190,-2.336,1.079
23.420,2.030,-2.488,1.011
17.480,4.110,0.337,0.361
15.160,4.550,0.416,0.295
16.260,3.860,0.306,0.281
15.240,5.300,0.417,0.366
21.030,4.250,0.349,0.268
14.530,4.890,0.310,0.361
20.250,5.120,0.372,0.337
20.270,4.130,0.305,0.360
16.840,10.490,1.103,-11.782
14.350,13.000,1.195,-12.832
17.770,11.040,1.196,-13.840
15.760,9.320,0.972,-12.565
15.250,11.570,1.284,-14.869
18.050,11.230,1.259,-11.888
14.220,9.810,0.884,-11.483
14.470,10.180,1.037,-14.794
22.640,2.180,-1.502,-2.140
18.010,2.450,-1.513,-1.920
26.410,2.230,-1.424,-2.483
26.020,2.960,-1.200,-2.381
23.440,2.300,-1.392,-1.690
24.080,2.590,-0.975,-1.850
18.290,2.260,-1.227,-2.014
21.380,2.030,-1.264,-1.816
26.440,2.930,6.266,0.304
18.420,3.020,6.807,0.224
25.780,2.440,6.960,0.306
24.330,3.150,7.456,0.278
21.600,2.800,9.286,-4.337
23.220,2.690,8.134,-3.155
20.630,3.040,6.480,-3.319
25.060,2.580,8.070,-4.462
27.030,3.270,-2.779,-1.023
24.880,3.280,-2.723,-1.169
23.720,2.290,-2.902,-1.277
22.800,2.340,-2.385,-0.925
28.440,3.220,-2.909,-0.986
22.870,2.880,-2.444,-0.755
28.070,2.780,-2.572,-0.933
26.210,3.030,-2.622,-0.773
20.210,2.770,10.707,-4.346
19.590,2.480,11.003,-3.999
22.390,2.970,10.583,-5.338
25.090,2.710,9.327,-4.099
24.590,2.890,8.412,-4.812
25.550,3.180,10.669,-5.097
20.920,2.970,11.013,-4.557
17.800,2.750,8.100,-5.298
26.220,2.150,7.388,-3.764
21.190,2.950,7.766,-4.328
21.220,2.530,9.081,-4.685
19.360,2.220,7.131,-4.027
18.750,2.750,7.795,-4.640
22.620,2.100,8.074,-3.159
22.810,2.930,8.073,-4.541
19.010,2.540,8.710,-3.271
20.180,2.650,-3.887,-5.058
28.330,3.260,-3.295,-5.542
26.350,2.900,-3.582,-5.171
20.590,3.030,-3.541,-5.832
22.350,3.440,-4.816,-6.270
21.930,3.580,-4.011,-4.999
28.010,3.510,-4.591,-6.978
19.410,3.290,-3.801,-6.391
19.840,2.650,12.843,-6.071
26.490,2.190,11.529,-5.988
24.570,2.760,13.571,-5.333
18.060,2.570,11.504,-5.535
18.160,2.210,10.234,-5.068
21.700,2.120,11.332,-5.480
22.320,2.460,10.444,-5.217
18.100,2.280,14.292,-5.657
24.620,3.780,9.593,-3.618
20.000,3.400,10.697,-3.986
22.150,3.880,9.392,-2.991
21.430,3.380,10.179,-3.520
19.080,3.230,11.209,-3.451
17.220,3.390,10.480,-3.774
19.750,3.240,11.624,-3.568
16.730,2.960,9.443,-3.579
20.100,8.540,-0.967,-10.682
15.260,7.670,-0.985,-13.857
14.030,11.230,-1.082,-11.212
17.610,7.580,-1.132,-12.437
19.760,9.310,-1.329,-11.100
18.980,8.830,-1.437,-10.009
17.750,8.570,-1.348,-12.715
18.590,9.860,-1.046,-13.586
24.040,3.630,-2.236,1.579
21.870,2.940,-2.718,1.443
24.740,2.560,-2.577,1.322
22.300,3.250,-2.592,1.334
20.150,2.810,-2.800,1.249
27.260,3.010,-2.192,1.554
24.000,3.070,-2.618,1.223
22.350,3.590,-2.873,1.669
19.960,3.880,4.293,-2.165
22.570,3.910,4.164,-1.980
17.880,3.720,4.984,-1.993
23.630,4.190,4.385,-2.161
18.260,3.810,4.356,-2.493
18.420,3.620,5.535,-2.443
21.820,3.950,4.857,-2.230
22.960,4.000,4.402,-2.313
18.160,4.910,6.220,-7.451
16.720,4.530,6.229,-8.808
21.540,4.030,6.768,-7.280
21.020,5.220,8.214,-9.319
19.130,4.530,7.151,-7.205
21.370,3.940,8.193,-8.660
22.580,4.080,7.582,-8.647
22.600,4.700,5.987,-8.166
25.910,2.170,2.191,1.022
26.930,2.580,2.076,1.021
25.890,2.450,2.321,0.998
21.730,2.140,2.489,1.056
25.380,3.110,2.116,1.496
23.220,2.120,1.816,1.616
24.770,2.700,2.050,1.576
20.940,2.630,2.175,1.496
19.320,2.810,-7.389,-0.454
25.530,2.580,-8.163,-0.524
20.810,2.260,-7.946,-0.504
25.810,2.750,-7.394,-0.594
23.420,2.470,-8.062,-0.519
20.610,2.990,-8.232,-0.519
23.550,2.600,-8.405,-0.446
19.500,2.620,-8.931,-0.450
19.570,2.100,-0.070,0.298
19.950,2.710,-0.060,0.344
26.810,2.070,-0.070,0.344
19.500,2.040,-0.053,0.316
18.770,2.290,-0.005,0.255
26.720,2.820,-0.005,0.258
25.970,2.940,-0.005,0.291
22.720,2.060,-0.006,0.315
27.000,2.860,4.167,1.319
23.740,3.020,3.427,1.662
26.690,2.930,3.017,1.657
22.730,2.430,2.819,1.397
25.100,2.850,3.335,1.718
25.700,2.680,3.430,1.303
26.320,3.350,4.061,1.338
25.600,3.370,3.578,1.746
23.250,1.980,-3.780,0.661
18.200,2.800,-3.453,0.621
21.670,2.710,-3.923,0.689
24.350,2.160,-3.460,0.722
24.820,1.990,-3.064,0.748
22.770,2.490,-3.664,0.894
25.060,2.690,-3.683,0.654
21.750,2.040,-3.218,0.910
21.230,9.270,0.656,-15.541
14.480,9.740,0.585,-14.247
19.910,8.930,0.673,-13.822
21.490,10.880,0.522,-17.243
15.730,8.670,0.160,-11.957
21.420,8.250,0.170,-11.885
16.870,11.570,0.157,-13.989
14.650,10.810,0.175,-12.694
26.250,-3.940,0.915,-28.969
28.390,-4.120,0.946,-32.947
31.330,-4.500,1.200,-26.500
29.940,-3.210,0.915,-26.373
30.580,-3.220,0.647,-32.613
29.230,-3.960,0.543,-24.900
31.620,-4.670,0.690,-30.107
24.740,-4.630,0.548,-32.594
22.770,2.200,0.926,0.092
26.630,2.810,0.745,0.082
20.520,2.270,0.813,0.106
26.780,2.890,0.837,0.094
23.090,2.050,0.784,0.085
20.680,2.810,0.881,0.099
23.930,2.920,0.799,0.089
20.230,2.130,0.938,0.096
28.430,2.910,-0.905,0.115
21.600,3.600,-1.027,0.147
26.550,3.800,-0.772,0.136
22.130,2.890,-0.865,0.118
26.110,2.690,-0.860,0.362
26.580,2.750,-0.739,0.312
23.510,3.180,-0.707,0.281
28.090,2.700,-0.881,0.333
27.260,-2.760,-2.176,-27.022
21.260,-2.370,-1.564,-26.553
25.020,-2.610,-1.671,-24.493
28.090,-2.120,-1.926,-27.608
26.190,-2.530,-1.660,-24.178
30.490,-2.560,-1.601,-25.755
31.110,-2.800,-2.021,-32.364
24.770,-2.200,-1.813,-32.864
20.210,2.210,-0.000,0.000
22.540,2.410,-0.000,0.000
19.600,2.370,-0.000,0.000
23.180,2.570,-0.000,0.000
21.400,2.130,-0.000,-0.000
21.210,2.380,-0.000,-0.000
18.400,2.460,-0.000,-0.000
24.880,2.350,-0.000,-0.000
31.220,-0.510,0.276,-16.839
26.150,-0.480,0.252,-17.219
24.820,-0.430,0.218,-18.222
25.060,-0.450,0.313,-23.667
29.000,-0.410,0.178,-18.604
22.830,-0.350,0.210,-18.064
25.910,-0.390,0.207,-20.958
25.590,-0.430,0.232,-22.642
24.720,2.810,2.191,0.788
24.070,2.980,1.809,0.825
22.780,2.550,2.069,1.033
19.970,2.720,1.544,0.818
22.830,2.750,1.398,0.726
19.030,2.220,1.808,0.674
24.610,2.340,1.313,0.741
20.680,2.400,1.432,0.860
18.120,3.340,4.001,-1.774
17.130,3.070,4.183,-1.824
21.580,3.480,4.148,-1.864
22.260,2.870,3.654,-2.047
20.520,4.040,4.480,-1.259
17.240,3.170,3.897,-1.454
21.250,4.260,3.211,-1.420
22.130,3.780,4.187,-1.542
18.740,5.280,-2.550,-19.574
18.740,4.760,-2.488,-14.261
13.400,4.860,-2.711,-16.228
14.320,5.360,-2.845,-16.837
13.720,6.430,-2.954,-12.880
18.800,5.460,-3.060,-15.150
18.780,5.630,-2.706,-16.600
19.220,4.820,-2.762,-15.881
25.470,2.640,-0.532,-0.347
17.730,2.710,-0.581,-0.347
24.460,3.090,-0.439,-0.316
24.050,3.630,-0.474,-0.312
23.270,2.730,-0.764,-0.385
24.390,2.810,-0.785,-0.514
20.840,3.220,-0.806,-0.507
17.650,3.480,-0.774,-0.462
20.540,2.470,-1.375,0.241
20.630,2.730,-1.643,0.289
25.620,2.510,-1.619,0.225
20.990,2.790,-1.539,0.273
18.430,2.300,-1.448,0.252
19.660,2.480,-1.763,0.303
24.600,2.200,-1.349,0.298
21.990,2.170,-1.699,0.355
19.540,2.640,-2.005,1.005
18.900,3.620,-1.600,0.818
16.920,3.290,-1.697,0.822
18.240,3.590,-1.906,0.829
24.650,3.150,-1.665,0.817
18.170,2.550,-1.494,1.090
22.420,3.320,-1.539,1.095
19.200,3.640,-1.836,0.921
24.860,2.580,-0.716,0.378
20.070,2.060,-0.831,0.342
19.790,1.920,-0.824,0.407
20.960,2.230,-0.633,0.327
27.430,2.320,-0.606,0.258
26.980,2.470,-0.474,0.296
21.450,2.230,-0.550,0.281
25.950,2.190,-0.580,0.263
22.320,4.220,-4.793,0.404
20.510,3.100,-5.136,0.422
17.290,3.930,-4.192,0.519
17.380,3.370,-4.520,0.473
18.390,3.430,-4.428,0.678
24.540,3.940,-5.074,0.707
23.520,3.640,-4.554,0.592
20.770,3.800,-4.478,0.512
16.000,8.040,-1.805,-15.015
16.150,7.350,-2.082,-10.530
17.610,9.180,-1.798,-12.439
13.550,8.570,-1.675,-11.352
16.280,7.210,-2.570,-11.202
14.910,7.020,-2.747,-11.842
16.950,7.690,-2.363,-13.095
15.430,8.780,-2.293,-11.025
23.670,3.630,4.447,-1.694
17.980,4.510,3.167,-1.664
19.840,3.540,3.378,-1.824
18.400,4.480,4.320,-2.011
21.530,4.030,3.230,-1.939
20.370,4.120,4.126,-1.768
21.610,3.530,3.855,-2.109
17.310,4.550,4.419,-1.913
19.810,2.840,2.292,-1.952
18.990,2.860,3.094,-2.075
17.390,3.880,2.521,-1.943
19.860,3.510,2.563,-2.026
19.170,2.980,3.172,-1.522
20.080,3.210,2.623,-1.781
21.960,3.040,2.172,-1.433
19.590,3.370,3.196,-2.061
23.630,2.740,4.977,1.935
26.830,3.220,4.960,2.196
23.080,3.230,4.642,1.542
18.970,2.550,5.310,1.694
20.600,3.040,5.840,1.825
25.050,2.230,5.482,1.738
21.870,2.420,5.719,1.636
20.830,2.290,4.564,1.284
16.940,3.860,-0.904,-0.559
15.480,4.100,-0.770,-0.594
14.470,5.150,-0.811,-0.494
14.790,5.530,-1.078,-0.456
17.900,5.350,-0.816,0.025
15.670,3.960,-1.086,0.027
14.300,3.750,-1.117,0.022
16.300,4.840,-1.168,0.019
16.640,3.960,1.895,-0.783
19.250,4.130,1.782,-0.655
20.910,4.590,1.890,-0.850
22.660,4.850,1.918,-0.908
18.600,4.700,1.670,-0.624
15.710,3.760,1.334,-0.729
19.270,3.680,1.380,-0.730
17.010,4.310,1.623,-0.578
24.580,2.950,5.661,-0.466
20.170,3.020,6.718,-0.374
23.630,3.130,6.976,-0.385
21.350,3.110,6.933,-0.459
22.280,3.280,5.775,-0.384
20.860,3.500,5.395,-0.406
19.680,3.790,7.244,-0.330
25.470,3.490,5.793,-0.317
22.230,3.560,1.872,-0.689
19.500,4.430,1.619,-0.828
21.990,3.880,1.878,-0.754
20.860,4.770,1.498,-0.673
16.580,3.290,2.042,-0.670
21.640,4.520,1.811,-0.764
18.120,3.550,1.406,-0.795
16.100,3.710,1.558,-0.628
0,0,0,0
